Landreis ID,weekly_cases,inzidenz,weekly_cases_A00-A04,inzidenz_A00-A04,weekly_cases_A05-A14,inzidenz_A05-A14,weekly_cases_A15-A34,inzidenz_A15-A34,weekly_cases_A35-A59,inzidenz_A35-A59,weekly_cases_A60-A79,inzidenz_A60-A79,weekly_cases_A80+,inzidenz_A80+,weekly_cases_unbekannt,inzidenz_unbekannt
1001,200.0,221.81802049598508,19.0,431.9163446237781,40.0,528.192261983362,79.0,292.20298860778223,50.0,179.96616636072417,10.0,56.14823133071308,2.0,35.951824555096174,0.0,0.0
1002,392.0,158.83692472264318,20.0,176.4757786993735,83.0,427.3064250411862,141.0,183.46475134670933,106.0,134.07199413118818,34.0,73.961279095062,8.0,56.53310720090453,,
1003,418.0,193.044843670623,19.0,201.7199278054995,93.0,521.9441014704232,119.0,226.00801473800163,142.0,195.85396466353117,39.0,81.86913533597834,6.0,36.36363636363637,,
1004,132.0,164.5967379919198,6.0,166.06698034874066,35.0,483.49219505456557,43.0,223.46949381561168,42.0,156.48869182905474,5.0,28.650011460004585,1.0,17.208742040956807,0.0,0.0
1051,116.0,87.0916639763351,6.0,111.71104077452988,28.0,241.52505822479083,33.0,118.00886854527249,37.0,81.91277396502103,11.0,33.13851900945954,1.0,10.0999899000101,,
1053,523.0,264.11606967008214,28.0,294.3959625696562,111.0,588.6720407297412,164.0,413.12945562636975,171.0,237.66834841345954,41.0,94.24420742920191,8.0,55.164804854502826,0.0,0.0
1054,158.0,95.20882670185777,13.0,188.81626724763981,33.0,236.00085818493886,38.0,105.94992471979033,52.0,91.36431520688747,18.0,44.74050507059057,4.0,33.140016570008285,0.0,0.0
1055,288.0,143.61296306454105,15.0,204.9460308785353,68.0,422.04568023833167,66.0,181.07492660978355,107.0,153.6760164878567,27.0,49.734748010610076,5.0,29.861442904921166,0.0,0.0
1056,613.0,193.9241323239577,25.0,166.36720569641312,96.0,323.2867486108772,197.0,299.9025697235416,213.0,185.1513808120583,58.0,84.69378814871061,24.0,108.25439783491204,0.0,0.0
1057,159.0,123.55656403960026,2.0,37.53753753753754,29.0,256.00282485875704,42.0,178.73861605243,62.0,137.15903811693914,20.0,60.65200909780136,4.0,38.6324125941665,0.0,0.0
1058,370.0,134.9882158935855,27.0,223.69511184755592,89.0,349.82901615502533,78.0,142.76562642994418,120.0,122.67179162151663,50.0,77.22604062089736,5.0,25.793139025019343,1.0,36.48330159286095
1059,227.0,112.8477400624391,11.0,118.828994274603,68.0,364.904749127985,45.0,110.03790194400294,83.0,118.62735289493618,18.0,37.5,2.0,13.886960144424386,0.0,0.0
1060,503.0,181.47379814196808,16.0,125.34273403838621,101.0,388.43165910314593,145.0,249.75024975024974,182.0,179.6058539666249,50.0,82.33569911242117,9.0,49.20721705850191,,
1061,169.0,128.99483257386672,3.0,52.6592943654555,30.0,259.78524419812953,64.0,233.8412072052322,47.0,100.00638338617358,22.0,73.11642128352554,3.0,32.21303554171588,0.0,0.0
1062,557.0,228.13283310670226,25.0,222.36057991639242,155.0,654.0636340619461,122.0,262.5180212166204,199.0,221.39646655689555,48.0,88.30671866951211,8.0,43.23856880337261,0.0,0.0
2000,5502.0,297.8476689441024,216.0,216.11454070657447,1209.0,734.1198758857712,1910.0,386.35343045435974,1727.0,264.0470912009785,344.0,105.36181369336038,92.0,85.41533205210335,4.0,21.65377455064358
3101,403.0,161.58392340200317,13.0,115.94719942918302,77.0,395.66312111402294,121.0,175.90788823307068,114.0,137.96108045309325,47.0,94.24125761950593,31.0,177.72172218081752,,
3102,242.0,232.04303343529165,19.0,331.76182992840927,61.0,598.6848562174895,70.0,295.7454898812793,61.0,180.39331657548425,16.0,68.95362868470953,15.0,195.1346429036035,0.0,0.0
3103,291.0,233.97737414670624,13.0,196.8205904617714,61.0,554.1424418604652,76.0,261.88835286009646,100.0,237.0061384589861,26.0,100.34735623311462,15.0,155.68240788790865,,
3151,295.0,167.11703290789302,14.0,150.3597894962947,54.0,315.2732368052312,75.0,199.42035151160627,95.0,148.4490975857489,39.0,103.02197802197803,16.0,150.6024096385542,2.0,113.2996833273851
3153,134.0,98.31831655563056,5.0,101.31712259371834,34.0,339.18595371109336,41.0,142.90195531699837,32.0,70.83563918096293,18.0,51.21638924455826,4.0,32.462262619704596,,
3154,183.0,200.4447024546261,8.0,189.61839298411945,28.0,356.687898089172,54.0,292.58777633289986,69.0,213.05502377570556,15.0,69.95289838175628,5.0,72.01497911565606,4.0,438.13049716858166
3155,154.0,116.41531541746986,5.0,92.50693802035153,17.0,155.1661190215407,57.0,216.9032307165417,57.0,125.54513017047707,15.0,45.429765582409594,3.0,26.7260579064588,,
3157,185.0,137.23933798710692,12.0,180.23430459597478,38.0,293.0063998766289,46.0,162.4867537972448,69.0,141.80024660912454,13.0,44.82604048136271,7.0,76.06215364555037,0.0,0.0
3158,199.0,166.35735901422817,9.0,174.41860465116278,39.0,387.51987281399045,58.0,234.89389275878827,70.0,165.24243425711722,20.0,70.16066792955868,2.0,22.629554197782305,1.0,83.59666282122018
3159,538.0,165.00992206501635,17.0,122.62857967250956,122.0,452.6061955110369,140.0,170.8483842624231,172.0,161.90063818972496,64.0,87.22554618183801,23.0,97.17762379584249,0.0,0.0
3241,2537.0,219.25219187375498,113.0,202.44365616826113,594.0,570.1998579300017,729.0,260.39434204886413,871.0,218.6146208253643,184.0,77.08969637552737,46.0,57.455472009192874,0.0,0.0
3251,444.0,204.52441164683609,19.0,191.62884518406455,83.0,417.7782251975638,113.0,248.41170392842227,167.0,215.96037709009556,47.0,95.76592363176984,11.0,71.3775874375446,4.0,184.25622670886136
3252,202.0,135.98206652350402,6.0,91.78522257916475,46.0,357.17058777855425,53.0,177.47714563171817,69.0,136.84502796398397,21.0,58.27505827505828,7.0,54.63627848891664,0.0,0.0
3254,471.0,170.76539879702847,21.0,176.67844522968198,104.0,446.2178744583172,123.0,198.1186779202371,156.0,165.26824307144673,48.0,76.24857033930614,19.0,89.63955463294961,,
3255,152.0,215.7313576882682,11.0,381.28249566724435,28.0,489.5104895104895,32.0,221.86784996186645,55.0,235.07287259050307,21.0,118.56368563685636,5.0,79.1014080050625,,
3256,199.0,163.9344262295082,1.0,18.109380659181458,38.0,338.9830508474576,67.0,257.03982199033226,70.0,165.6412683388547,19.0,69.09844710332037,4.0,45.27447651386531,,
3257,299.0,189.45634266886327,17.0,251.5164965231543,81.0,605.9699259370091,67.0,209.19848877509602,90.0,162.70745200130165,30.0,79.95948719315547,14.0,109.08524232507402,,
3351,334.0,186.5807129170833,12.0,141.69323414806942,59.0,348.72037354453573,94.0,246.9395260862712,118.0,194.04384075249544,38.0,90.87213334289882,13.0,100.54915306674917,,
3352,241.0,121.69381633827851,12.0,139.86013986013987,70.0,397.4111502214148,46.0,118.59032199850473,78.0,115.01880115018801,29.0,57.88885340146918,6.0,39.61965134706814,0.0,0.0
3353,441.0,173.32793566821653,10.0,82.04791598293403,83.0,343.00355401272833,117.0,230.4328987276953,184.0,197.1815892407437,36.0,63.5862653666808,11.0,63.437139561707035,0.0,0.0
3354,104.0,214.82277121374867,20.0,1066.6666666666667,19.0,471.58103747828244,22.0,249.91480177212313,32.0,197.78725508375055,6.0,45.07888805409466,4.0,94.87666034155598,1.0,206.56035693629678
3355,260.0,141.19768218574012,7.0,81.2630601346645,53.0,304.6852543834435,70.0,162.68098259313487,91.0,138.1760757994473,34.0,89.40780477542863,5.0,44.58314757021846,,
3356,191.0,167.64974369777403,10.0,187.72292096865027,19.0,181.9574794100747,62.0,282.70484702019974,67.0,162.65294231889686,27.0,99.35968204901744,6.0,76.31645891630629,,
3357,169.0,103.18594228914044,4.0,53.26231691078562,26.0,173.66909358092312,53.0,143.54974133961701,67.0,115.75273832970527,10.0,27.7623542476402,9.0,85.89425462874594,,
3358,197.0,140.04108819745082,12.0,184.53021682300476,50.0,385.8917959404183,48.0,153.2028980881555,72.0,148.97887396801093,14.0,44.603033006244424,1.0,9.837678307919331,,
3359,219.0,107.0841808793616,7.0,68.76903428627567,44.0,225.8958825341411,70.0,153.7751806858373,66.0,92.00016727303141,30.0,67.22538430511361,2.0,15.421389467190995,,
3360,123.0,133.13273225167498,5.0,137.211855104281,23.0,299.63522668056277,24.0,128.85906040268458,53.0,166.6352260579765,12.0,52.52790544977019,6.0,76.99217246246631,,
3361,485.0,353.67125345467537,16.0,232.62576330328585,92.0,699.4070244792458,137.0,473.93364928909955,185.0,387.8813292797987,47.0,149.70536709667144,7.0,76.88927943760984,1.0,72.92190792879906
3401,137.0,176.63971943939453,3.0,71.03954534690978,13.0,181.41222439296678,48.0,266.8593984544393,64.0,245.4081828290962,9.0,52.84170972287459,0.0,0.0,,
3402,51.0,102.17778935347505,1.0,41.77109440267335,12.0,269.84483921745,16.0,126.09346678225235,14.0,84.63817181548879,6.0,56.46527385657821,2.0,62.18905472636816,0.0,0.0
3403,197.0,116.51496063923538,4.0,52.95908910366742,44.0,312.7221037668799,76.0,155.30806171451925,63.0,112.62066499821238,8.0,24.362019611425787,2.0,20.53177291859152,,
3404,246.0,148.86445467803523,13.0,174.87220877051385,65.0,487.0373145511764,71.0,136.6988197693448,80.0,153.05146355462023,13.0,43.31312054374625,4.0,39.032006245120996,,
3405,50.0,65.71252086372537,5.0,151.9756838905775,4.0,67.34006734006734,10.0,53.225463061528636,23.0,98.95026673550163,6.0,32.4833522819555,2.0,31.46633102580239,,
3451,112.0,89.70118293434994,3.0,50.985723997280765,15.0,128.6780475250922,36.0,137.66203969255477,40.0,91.75153683824205,12.0,41.58148237984684,6.0,68.87052341597796,,
3452,184.0,96.99832361592881,11.0,131.57894736842104,21.0,124.00354295837023,54.0,131.96158451650743,68.0,103.86277894029418,20.0,43.47920606969717,10.0,83.27781479013991,,
3453,267.0,156.43125812915247,20.0,205.2545155993432,50.0,271.3115198871344,74.0,166.91854825976137,93.0,157.56302521008402,24.0,78.96814951302974,6.0,68.4931506849315,,
3454,515.0,157.51451274491214,23.0,139.3601551139118,124.0,389.1783315548302,123.0,156.30559650282112,162.0,141.09286000452892,52.0,77.8396503203401,31.0,169.63992557732297,,
3455,67.0,67.87972118657805,2.0,46.47920055775041,13.0,155.11275504116455,16.0,81.3049443569287,24.0,71.78106774338268,10.0,39.89467804994813,2.0,25.510204081632654,,
3456,309.0,225.28105451947332,28.0,416.0475482912333,47.0,346.35224760501103,99.0,318.55331745929595,91.0,189.4649177597335,26.0,89.68300507053914,18.0,205.40910647038686,,
3457,233.0,136.45201339923634,14.0,170.87757842060296,48.0,302.7436140018921,64.0,164.21203879509417,77.0,129.80882700023602,27.0,71.04889216357034,3.0,28.807374687920106,,
3458,205.0,156.62006264802505,7.0,114.15525114155251,28.0,229.60229602296022,64.0,231.66582205169044,85.0,178.5676771496397,15.0,52.12133847597206,6.0,70.11803202056795,0.0,0.0
3459,627.0,175.10053619302948,30.0,167.84155756965424,145.0,419.4266871076914,179.0,224.5555931905712,201.0,160.06115769607493,59.0,77.68984633211751,13.0,53.274321776903534,,
3460,338.0,236.6714747853852,13.0,162.72374514958068,75.0,494.9188333113369,104.0,275.4310230673482,112.0,225.5972283769085,28.0,111.69173082292872,6.0,83.36807002917882,,
3461,135.0,152.39944458869084,5.0,130.718954248366,20.0,261.95153896529143,43.0,227.24870521086567,52.0,169.4473409801877,11.0,52.189590548939606,4.0,62.15040397762586,,
3462,41.0,72.02332853177809,0.0,0.0,4.0,78.92659826361484,12.0,101.8157135584592,17.0,88.34840453175346,6.0,41.72171615325777,2.0,48.804294777940456,,
4011,1730.0,304.81412505131624,78.0,277.0476664061945,264.0,544.8016839324777,644.0,436.77895864842685,568.0,299.02763373326525,124.0,107.3444371342498,51.0,134.0729251557612,1.0,17.619313586781285
4012,210.0,184.78920831023467,9.0,153.21756894790602,32.0,297.48071023519566,68.0,248.09369185304098,81.0,219.13212855751541,16.0,63.603116552711086,4.0,53.45449685954831,0.0,0.0
5111,1456.0,234.12990028574782,75.0,238.80026745629957,351.0,648.9064724260968,420.0,261.1956542018296,475.0,215.36773473949572,101.0,87.06896551724138,35.0,89.681502549517,-1.0,-16.08035029435081
5112,934.0,187.29220391188042,31.0,120.60379707438531,254.0,553.0877101297797,272.0,220.91011719606584,287.0,169.3455120489037,70.0,69.82543640897755,19.0,55.5474345855869,1.0,20.052698491636022
5113,1480.0,253.96389594344154,50.0,172.2000275520044,364.0,715.9998426373973,401.0,280.21970342832384,475.0,243.6809677469001,148.0,120.23331762717923,39.0,93.38409597011709,3.0,51.479168096643555
5114,595.0,261.63391479089074,28.0,256.9043031470777,126.0,617.7379026327401,165.0,315.0177555462217,182.0,232.4215258090057,72.0,145.87596490872622,13.0,80.8457711442786,9.0,395.74877867529693
5116,493.0,188.8642858784679,29.0,226.77510165780419,101.0,433.53221444821224,150.0,239.45595606781393,157.0,175.95570847389243,49.0,87.24449825511003,7.0,41.38094112083235,0.0,0.0
5117,350.0,205.1197899573351,19.0,232.1603128054741,74.0,492.184901895577,76.0,206.78021439843283,121.0,208.32974638866412,48.0,123.51079432879602,12.0,87.49544294567991,,
5119,533.0,252.88948776830958,20.0,199.38191606021334,155.0,844.8247669918787,125.0,262.4176008733258,181.0,247.99276573589455,39.0,83.16628993048151,13.0,87.41258741258741,,
5120,411.0,369.1462034525499,10.0,184.33179723502303,96.0,940.0705052878966,122.0,498.223547188304,132.0,339.48870942852733,43.0,176.3162210923405,6.0,75.52870090634441,2.0,179.6331890280048
5122,420.0,263.74454456968823,16.0,206.9589962488682,116.0,790.2445670686014,88.0,245.12534818941504,157.0,280.72308545067676,31.0,92.7560515843332,12.0,103.5643393458186,0.0,0.0
5124,999.0,281.3292030413968,64.0,356.90385902297567,255.0,768.6047563070802,275.0,314.16363927159733,299.0,249.5868044541645,81.0,111.50113565971505,25.0,104.10593820271508,0.0,0.0
5154,569.0,182.10039524426736,13.0,89.99030873598228,121.0,429.82487300628753,152.0,210.7160185762806,197.0,178.78048116452342,54.0,79.37907920268125,21.0,107.61504560828124,11.0,352.03942841598257
5158,1464.0,301.5013283357703,59.0,256.879136189481,341.0,767.9315392410765,336.0,344.82758620689657,535.0,313.8529408313876,158.0,141.01351230744515,35.0,91.50566027870009,0.0,0.0
5162,705.0,156.06667699732142,36.0,162.4475429809124,142.0,331.3267067991973,178.0,192.25161199736465,263.0,161.51913971098514,63.0,63.20351531932824,17.0,53.76854223993421,6.0,132.82270382750758
5166,618.0,206.78371026189257,17.0,128.22446824558756,126.0,480.6591897459373,189.0,304.27922851531054,206.0,190.38817005545286,55.0,80.60852105348009,25.0,119.9270843327257,0.0,0.0
5170,848.0,184.35744473624712,36.0,175.78983348796328,214.0,542.0740665687218,184.0,193.81682203613,304.0,189.12411892423216,72.0,65.24635028228109,38.0,111.79100964932925,0.0,0.0
5314,725.0,219.91488535609528,47.0,285.9228616620027,163.0,517.9371484859076,218.0,232.14456856251397,223.0,203.4467343606025,65.0,110.99916323707714,9.0,45.71544674150454,0.0,0.0
5315,2506.0,230.35988906691375,143.0,261.95753723277585,462.0,490.7011077949252,839.0,275.18662835701446,784.0,203.14828010623825,221.0,116.41198253293511,53.0,90.6432248465051,4.0,36.76933584467897
5316,399.0,243.695374674004,17.0,210.00617665225448,104.0,679.1171477079796,102.0,279.05449770190415,135.0,234.00530412022673,33.0,97.86186649269001,8.0,64.74587245063127,0.0,0.0
5334,911.0,163.5471234735901,20.0,80.0736677743524,192.0,414.8481050948533,294.0,187.01219395836117,305.0,170.62173441188645,79.0,69.27576137569385,21.0,58.71990604815032,,
5358,436.0,164.7533611952932,26.0,202.65003897116134,84.0,349.65034965034965,141.0,235.1136382584916,126.0,137.75911834164262,37.0,62.43882682507003,15.0,87.76549060909251,7.0,264.5122771484065
5362,832.0,176.78994507187403,25.0,105.96812478806375,214.0,482.7321738738129,209.0,206.41771439294428,287.0,170.71342747356024,77.0,74.99464323976859,20.0,65.2549838493915,0.0,0.0
5366,492.0,254.0587433387037,27.0,297.0623831004511,106.0,604.3329532497149,125.0,303.75932541129015,178.0,258.5781109271042,47.0,106.08762386294381,9.0,70.6713780918728,0.0,0.0
5370,631.0,246.91358024691357,43.0,355.87188612099646,111.0,477.0705290755147,169.0,301.53802233879316,224.0,245.84586342384267,70.0,123.70988265233989,12.0,72.89958082741025,2.0,78.26103969791238
5374,815.0,299.56957549337085,32.0,236.42408570373107,179.0,697.5837879968823,216.0,360.7997728297727,273.0,288.421920065925,97.0,163.69650330768192,13.0,68.11275280310176,5.0,183.78501564010483
5378,398.0,140.50149856497842,18.0,139.34045517882026,100.0,383.2004904966278,97.0,172.81311241760199,127.0,125.14904561534898,42.0,64.90696668109044,14.0,63.81039197812215,,
5382,1002.0,166.7876237590801,53.0,183.15018315018315,248.0,427.26207704500035,259.0,200.83435430591956,303.0,142.4796155401529,103.0,77.79338680684582,35.0,88.03702585773216,1.0,16.645471433041926
5512,186.0,158.21035172032492,6.0,112.38059561715677,57.0,576.1067313523348,36.0,140.4001404001404,66.0,160.59957173447538,14.0,51.35918412267508,7.0,83.97312859884836,0.0,0.0
5513,479.0,184.48265901519383,24.0,174.3299193724123,129.0,517.1377029464822,119.0,192.58779737821655,152.0,173.70237469430668,36.0,65.98361406917282,12.0,70.26583909122849,7.0,269.59887538754833
5515,395.0,125.28029483686602,15.0,103.00075533887248,51.0,202.23649773970973,162.0,157.57988424687514,119.0,118.54242623473392,38.0,70.31958400414516,10.0,54.69861065528936,0.0,0.0
5554,576.0,155.11432949407416,26.0,136.12565445026178,133.0,361.8161538670802,154.0,176.42543734032924,201.0,152.63697459847364,55.0,74.13298108935047,7.0,31.36903428187318,,
5558,316.0,143.25478498182116,22.0,202.07587030403232,72.0,350.7062834875791,74.0,155.9306319404935,114.0,145.07692895048297,28.0,57.333579048672114,5.0,34.97481813094572,1.0,45.33379271576619
5562,1251.0,203.70047725507501,66.0,230.89840470193116,325.0,606.6035798943576,332.0,255.96151325680188,385.0,180.2071680326526,115.0,79.70888927395599,27.0,60.87799598656174,1.0,16.28301177098921
5566,909.0,202.80219535049753,58.0,255.73192239858906,168.0,385.5333210941803,259.0,253.16208238031004,326.0,205.11917046283946,78.0,84.7678664580073,20.0,69.66213862765586,,
5570,837.0,301.25251943564643,51.0,381.9938581379672,155.0,582.1814903846154,252.0,413.0335016062414,284.0,290.51628016408034,72.0,119.94402612114347,21.0,110.13215859030836,2.0,71.98387561186294
5711,733.0,219.3330241326172,18.0,107.73927096426648,185.0,593.5003689326618,223.0,250.84082293787472,233.0,210.7719863224359,66.0,103.56515189555611,6.0,25.926886180969664,2.0,59.84529989975912
5754,1068.0,292.65245055324465,39.0,212.77756560641606,253.0,714.6488898932264,304.0,359.1173274110476,350.0,269.05278046830557,108.0,148.23558477565643,14.0,59.291885481958325,0.0,0.0
5758,725.0,289.33106657408075,20.0,169.23337282112033,202.0,865.1704642795956,166.0,306.98104484512254,250.0,285.0302132025995,68.0,125.03217739859522,19.0,98.74746634790291,,
5762,200.0,142.60147877733493,14.0,227.0515731430425,56.0,435.4587869362364,53.0,176.7314682050085,55.0,113.95657218630863,21.0,64.7229242433582,1.0,9.500285008550257,0.0,0.0
5766,1565.0,450.3415689727608,57.0,330.4730983302412,387.0,1132.2410766530134,436.0,570.0016995463519,493.0,424.8608214550406,159.0,206.85886761032472,31.0,116.13531637507961,2.0,57.55163820738157
5770,722.0,232.59634868834345,31.0,206.55650319829425,168.0,564.4213001847808,198.0,288.4951626063644,239.0,225.88297560652887,67.0,98.70650284333658,19.0,81.4786225824435,0.0,0.0
5774,854.0,277.41774109193443,24.0,154.37061812568342,204.0,695.4624484369141,257.0,315.22912373663036,282.0,270.99489722374375,83.0,138.53652022967017,4.0,22.912131973880168,,
5911,704.0,192.5670223503571,48.0,297.637502325293,158.0,548.8779267699576,203.0,213.98378782927676,212.0,176.80074056159253,61.0,76.86685652360191,22.0,82.89374529012811,0.0,0.0
5913,1377.0,234.0841478963026,68.0,234.49893096075593,339.0,656.7349231871985,345.0,229.00155322792625,462.0,232.37917037618266,120.0,100.64412238325282,41.0,105.30641598602763,2.0,33.99915002124947
5914,455.0,241.14136713905643,21.0,218.43145412939464,120.0,680.8510638297872,129.0,297.55726247318523,131.0,206.8497260425384,42.0,102.60419211413495,12.0,86.77417022199725,,
5915,354.0,196.75848729407056,21.0,242.74650329441684,95.0,550.6288761374833,97.0,225.07367102118477,98.0,160.05749003723787,32.0,84.63369478973816,11.0,92.61598046644775,0.0,0.0
5916,413.0,263.9837902447443,25.0,338.89114816321,116.0,850.3775383036434,126.0,343.45526903996074,115.0,213.4967047247749,21.0,62.02924235711121,10.0,90.70294784580499,0.0,0.0
5954,599.0,184.81607869030503,37.0,253.47674179625952,166.0,614.518935327435,124.0,181.74356569150495,213.0,188.58903527411815,51.0,66.4763617878231,8.0,32.51371672424304,,
5958,318.0,122.41268472574554,16.0,139.84791539201117,63.0,273.24774462179045,78.0,136.31120897556883,118.0,129.95594713656388,32.0,54.887566251007705,11.0,58.026058975576305,0.0,0.0
5962,1088.0,265.22224551584264,47.0,244.82992134187634,240.0,642.7251546557403,321.0,358.69528779430334,366.0,255.1393855741682,98.0,107.10148412056567,16.0,54.719562243502054,,
5966,157.0,117.20353850173566,3.0,47.626607397999685,41.0,331.2328324446599,47.0,156.2084551980856,49.0,101.9304376768181,15.0,52.83736658564937,2.0,22.912131973880168,0.0,0.0
5970,376.0,135.76751978739384,13.0,97.93581437396413,82.0,337.76825802199613,123.0,184.1620626151013,112.0,120.6467527711051,36.0,59.32664260641717,10.0,52.38344683080147,,
5974,999.0,331.03036930264926,53.0,375.593508610304,237.0,848.3676975945017,240.0,360.6853020739405,349.0,328.16481584218,104.0,157.60918982814536,16.0,76.69079231174807,0.0,0.0
5978,806.0,204.10695609674568,25.0,137.95386822646506,180.0,514.9330587023687,215.0,257.08785230003946,265.0,192.14873036820046,87.0,94.5580227591379,30.0,106.14584439019212,4.0,101.29377473783904
6411,294.0,183.89021628992106,14.0,177.66497461928935,69.0,497.87141929432136,90.0,172.8575269849806,82.0,164.335243897551,34.0,123.54651162790698,5.0,57.77007510109763,0.0,0.0
6412,1871.0,245.09418638161858,60.0,142.9796968830426,375.0,544.2038660242642,601.0,279.98155196429656,665.0,236.954159169057,137.0,112.34757222636806,30.0,85.07500779854239,3.0,39.29890749037177
6413,367.0,281.70095179613145,7.0,92.20231822971549,59.0,455.88008035852266,97.0,271.08602090436534,137.0,300.48472353212117,43.0,195.81056466302368,22.0,343.16019341756356,2.0,153.51550506601168
6414,708.0,254.24276593146936,24.0,159.45784333266892,138.0,515.8492822966507,224.0,333.48717414283374,237.0,244.09586684930943,71.0,129.7514619883041,14.0,79.14523149980214,0.0,0.0
6431,736.0,272.249759562033,40.0,317.56113051762463,153.0,643.5331230283912,191.0,335.3524712492318,240.0,248.54240236943758,100.0,160.82858888996108,10.0,54.72555135992995,2.0,73.98091292446549
6432,495.0,166.19438363707175,14.0,95.77233547680942,93.0,333.8119167264896,154.0,237.11276713678635,169.0,157.18590721381003,54.0,83.19980278565265,11.0,61.1179019891099,0.0,0.0
6433,511.0,185.32891348657725,19.0,128.11003978153866,117.0,439.7339046115684,141.0,216.19135234590615,179.0,180.75878295818313,45.0,83.37656562662121,6.0,37.33897566743419,4.0,145.07155654526593
6434,414.0,174.74695459111746,12.0,108.20559062218214,85.0,350.891677675033,125.0,271.4087198193504,151.0,174.30048942653985,35.0,68.2154829656194,6.0,34.08316291751875,,
6435,908.0,215.90671308185432,34.0,168.40853930358116,173.0,450.11057629764537,233.0,252.62655723129967,343.0,229.3455294337907,105.0,112.96395911780527,19.0,69.876061932257,1.0,23.778272365842984
6436,309.0,129.5282488954468,11.0,92.20452640402347,70.0,289.49545078577336,72.0,147.10088669145588,120.0,135.75428474461225,29.0,59.21872128402524,7.0,43.38125929598414,0.0,0.0
6437,164.0,169.59142942824937,4.0,95.21542489883362,25.0,302.5169409486931,38.0,187.5431842858553,60.0,179.63534025927368,28.0,119.35717635022806,9.0,126.47554806070826,0.0,0.0
6438,810.0,227.6476688597662,24.0,131.18338343809785,162.0,479.47435404149525,236.0,302.20765251242125,295.0,232.05141315377537,83.0,110.21405428374143,9.0,38.78641613514911,1.0,28.104650476514347
6439,478.0,255.3964522333832,23.0,278.38295812152023,119.0,707.3649170778101,117.0,308.5036255767963,159.0,235.5346191449649,45.0,103.22284665672669,7.0,53.64395739137099,8.0,427.4417610600555
6440,513.0,166.3753206697823,14.0,97.08064627973094,73.0,253.85123622074624,146.0,218.74625434495985,207.0,185.31615652500872,49.0,73.45225603357818,23.0,114.96551034689593,1.0,32.43183638787179
6531,462.0,170.67620286085827,16.0,124.20431609998448,107.0,471.38640468743114,133.0,171.39617000438156,166.0,190.31241043278877,39.0,72.06874249283932,1.0,6.184674376894057,0.0,0.0
6532,344.0,135.79715694440605,7.0,59.655701380603375,90.0,391.968990897609,100.0,179.9402598337352,96.0,108.67104369481548,37.0,65.08927786084968,14.0,78.36551917156451,0.0,0.0
6533,237.0,137.86123132765601,14.0,181.1359813688705,44.0,284.0358918081467,67.0,176.3482746821783,75.0,123.45882236744637,26.0,67.47813448911266,8.0,70.05867413959191,3.0,174.50788775652657
6534,287.0,116.15482993637791,14.0,128.73563218390805,68.0,314.3200517703615,78.0,114.56267900418594,95.0,116.72052192502856,28.0,56.53938573995921,4.0,25.680534155110426,0.0,0.0
6535,171.0,161.86590687504142,2.0,46.44681839294008,41.0,470.5612303454608,40.0,190.53970371076073,65.0,176.72167695277454,21.0,80.21696779861722,2.0,23.06539038173221,0.0,0.0
6611,364.0,180.07588912470254,17.0,169.69454981034139,82.0,479.5882559363668,122.0,206.75863471511371,102.0,158.60181614628686,33.0,84.44433071470611,8.0,63.371356147021544,,
6631,671.0,300.7013376952206,25.0,236.02719033232628,139.0,682.5435796710042,178.0,335.1534550932028,230.0,301.31530681758636,82.0,175.30732228754675,15.0,93.92023041763196,2.0,89.62782047547557
6632,239.0,197.98043390021454,8.0,146.81592952835382,69.0,646.3700234192038,56.0,221.90521477254717,82.0,199.20318725099602,19.0,65.98826103566839,4.0,42.54413954477771,1.0,82.83700163188892
6633,257.0,108.5469074690409,14.0,134.55069678039405,49.0,241.1298656562177,76.0,162.53555465258026,86.0,104.31955749099335,27.0,46.042085877016476,5.0,27.475546763380592,0.0,0.0
6634,222.0,123.55779666393948,6.0,79.19746568109821,38.0,244.26303271839043,68.0,182.9826166514181,79.0,124.4643307285102,23.0,53.97287276481907,8.0,60.18657839301836,0.0,0.0
6635,365.0,233.36700638082937,2.0,28.951939779965258,71.0,511.0487295760455,88.0,268.77615222503897,130.0,238.90471377377563,42.0,114.76036941909393,28.0,236.26698168930892,4.0,255.7446645269363
6636,157.0,156.01864273718311,9.0,218.92483580637315,33.0,407.50802667325263,30.0,144.6480231436837,47.0,138.68397757450575,21.0,82.50500923270342,17.0,203.91027947703012,0.0,0.0
7111,212.0,185.88012485532914,13.0,253.411306042885,52.0,578.4848147736122,47.0,144.77575160177426,81.0,226.5797644689362,15.0,64.51057973507655,3.0,35.42749173358526,1.0,87.67930417704206
7131,226.0,173.73122395953447,13.0,224.2152466367713,33.0,304.5123189074467,75.0,278.44811583441617,71.0,159.78035826807093,29.0,91.87682169560259,3.0,28.527957398250287,2.0,153.7444459818889
7132,181.0,140.52249524474982,5.0,83.31944675887353,39.0,335.0227643673224,54.0,194.6928179982694,65.0,145.01160092807424,17.0,57.58027367565371,1.0,11.014428901861438,,
7133,208.0,131.3587419874325,14.0,193.6644072485821,49.0,347.78905529136205,51.0,154.57355882887796,66.0,120.45773940975708,26.0,68.70491240123668,2.0,17.545398719185894,0.0,0.0
7134,104.0,128.47277982977357,8.0,214.5347278090641,24.0,356.8242640499554,27.0,157.2052401746725,29.0,107.24058871385253,15.0,75.88404917286387,1.0,15.356265356265355,0.0,0.0
7135,77.0,125.45824847250509,3.0,119.3792280143255,22.0,443.9063761097659,23.0,183.01901806318133,17.0,79.63275248266817,9.0,59.650053022269354,3.0,61.1870283499898,,
7137,347.0,161.82135295708702,12.0,117.65859397980194,64.0,339.1986432054272,94.0,202.14619040450742,127.0,168.5579666865751,37.0,75.86164476247104,12.0,81.36696501220504,1.0,46.634395664866574
7138,332.0,181.60832772644972,21.0,236.2470469119136,77.0,460.1685292535708,88.0,222.28958270182883,116.0,184.05394684648948,21.0,50.489265020556346,8.0,61.61904028344758,1.0,54.701303532063164
7140,184.0,178.35852001201982,7.0,149.2537313432836,31.0,348.7064116985377,60.0,278.02233446086836,63.0,174.0139211136891,21.0,85.97396217145665,1.0,13.564839934888768,1.0,96.93397826740207
7141,168.0,137.3704996851926,7.0,128.01755669348938,40.0,375.83388142441044,28.0,112.0493016927448,71.0,165.26232484521205,17.0,57.7681120021748,5.0,56.77302146020211,0.0,0.0
7143,277.0,137.1939139392979,15.0,158.6126678650735,59.0,320.547647506248,67.0,153.6626760240356,92.0,126.95784171669082,36.0,80.81533695505769,8.0,59.577003276735184,0.0,0.0
7211,135.0,121.0458360232408,13.0,268.59504132231405,26.0,302.5014543339151,45.0,124.64683397041715,34.0,95.40645957852793,15.0,76.12667478684531,2.0,30.075187969924812,0.0,0.0
7231,173.0,153.80101882062178,4.0,77.30962504831851,33.0,336.5973072215422,43.0,183.99657680787334,59.0,148.9635670462292,18.0,68.86788843402074,16.0,190.68049100226432,0.0,0.0
7232,170.0,171.61662864180582,16.0,324.3462396107845,38.0,422.55087290114534,25.0,113.89002778916678,60.0,170.74558907228229,19.0,88.2899628252788,12.0,184.020855696979,0.0,0.0
7233,87.0,143.45546284998187,5.0,203.00446609825417,11.0,217.82178217821783,18.0,143.79293816903657,36.0,174.27506414290556,12.0,78.72982548222018,5.0,106.02205258693809,0.0,0.0
7235,160.0,107.09648054190819,9.0,129.42191544434857,28.0,197.00274396679097,42.0,136.2574617181417,58.0,105.62354312354313,18.0,55.15381786983699,5.0,50.715082665584745,0.0,0.0
7311,135.0,276.8549280177187,10.0,396.9829297340214,42.0,948.2953262587491,27.0,243.46257889990983,40.0,245.53434411638327,14.0,132.06301292330912,2.0,52.19206680584551,0.0,0.0
7312,314.0,313.90582825152455,7.0,149.89293361884367,57.0,731.1441765007696,78.0,260.87829024382086,120.0,389.5597974289053,38.0,185.08596756124885,14.0,221.1690363349131,0.0,0.0
7313,123.0,262.36641709861135,11.0,522.5653206650832,15.0,398.30058417419013,47.0,339.8163545658304,38.0,252.12314225053078,10.0,108.74293170943889,2.0,68.70491240123668,0.0,0.0
7314,407.0,236.28035505912814,15.0,155.55325106294723,80.0,468.4114995023128,116.0,264.5683658341886,144.0,243.43651209575168,38.0,119.14840247076161,14.0,131.57894736842104,0.0,0.0
7315,306.0,139.995790976219,18.0,178.27077349707835,50.0,290.8329455560726,115.0,162.2872625666789,92.0,130.55386056280065,26.0,68.94174422612892,4.0,32.66639444671294,1.0,45.75025848896046
7316,132.0,247.8221688194653,11.0,438.9465283320032,24.0,529.1005291005291,40.0,353.95097778957614,45.0,253.5354104456589,5.0,39.27421255203833,7.0,157.62215717180814,0.0,0.0
7317,98.0,243.5932489870995,16.0,898.876404494382,22.0,660.0660066006601,25.0,284.7380410022779,19.0,147.34393175649475,11.0,111.3811259619279,5.0,140.17381553125875,,
7318,138.0,272.9376396827594,8.0,349.80323567993,36.0,817.810086324398,27.0,242.74026791333273,49.0,279.9040329030047,14.0,121.13870381586916,4.0,108.51871947911015,0.0,0.0
7319,182.0,217.85449235115271,10.0,229.88505747126436,32.0,410.51956382296345,54.0,264.4595719672854,55.0,196.0155386863395,26.0,148.12282800660856,5.0,93.17927692881103,0.0,0.0
7320,105.0,307.08039657239783,6.0,403.2258064516129,28.0,963.855421686747,30.0,372.25462216155853,32.0,285.56130644297696,9.0,113.16484345529989,0.0,0.0,,
7331,278.0,214.36227224008576,17.0,266.58303277403166,56.0,466.5889018496917,61.0,220.24045925551505,107.0,227.84378859503428,35.0,119.75638130431807,2.0,26.9432843863667,0.0,0.0
7332,249.0,187.68231188428518,17.0,294.93407356002774,32.0,285.3575887283752,57.0,224.70138368746797,98.0,207.0393374741201,34.0,102.24333914717026,11.0,112.95953994660094,0.0,0.0
7333,137.0,181.87852638566213,5.0,145.7301078402798,28.0,412.0070629782225,34.0,217.76724524434766,48.0,179.40571855727902,13.0,73.2270602151749,9.0,180.83182640144665,0.0,0.0
7334,556.0,430.9643214249727,22.0,347.7711033828644,82.0,686.8246921852751,117.0,407.53770594587064,191.0,410.46139298992114,63.0,227.4039849841178,34.0,435.7856959753909,47.0,3643.043724275848
7335,345.0,325.53619113220543,15.0,260.01040041601664,81.0,825.1833740831296,99.0,446.46883737710834,110.0,300.488977517961,30.0,122.59409096481549,10.0,140.01680201624194,0.0,0.0
7336,133.0,189.40742534071975,7.0,221.87004754358162,24.0,412.37113402061857,41.0,292.3351158645276,48.0,198.72484888631283,10.0,56.233481414834394,3.0,56.79666792881484,,
7337,299.0,270.53682105663177,22.0,452.2096608427544,76.0,798.9067591716598,65.0,297.94646131279796,103.0,259.36744560838036,26.0,96.98959227067557,5.0,64.03688524590164,2.0,180.96108431881723
7338,323.0,208.91409943793698,13.0,167.50418760469012,58.0,416.0390215909906,88.0,285.25121555915723,115.0,207.4688796680498,39.0,109.83749683161066,10.0,89.92805755395683,0.0,0.0
7339,248.0,117.3037172980413,6.0,59.095833743721066,33.0,162.3296768163707,79.0,184.03335895823142,84.0,107.55717175855976,32.0,68.01708929368503,14.0,108.83930653813263,0.0,0.0
7340,159.0,167.6666912718415,7.0,186.56716417910448,22.0,299.85007496251876,33.0,181.37847642079805,74.0,222.3624507947955,17.0,69.83240223463687,6.0,75.70977917981072,,
8111,2661.0,418.4547837669108,98.0,323.6780394358754,531.0,1013.3394400870212,792.0,424.94969818913484,935.0,424.34034364760237,233.0,215.45745408814338,72.0,187.6270391410851,0.0,0.0
8115,769.0,195.77044197277544,22.0,104.16173476634629,157.0,415.2450474754688,222.0,242.30252889621374,271.0,195.1535664134231,77.0,98.05669459796755,17.0,68.3691936456867,3.0,76.37338438469783
8116,1580.0,295.3138550793983,84.0,323.84917881101086,294.0,601.608381591602,398.0,313.0358182189992,615.0,324.28157131558135,152.0,140.8176689117203,36.0,101.45417653026716,1.0,18.690750321480905
8117,739.0,286.27321853996784,35.0,277.0960335682052,198.0,835.8662613981763,185.0,315.93148556107724,241.0,268.1591596937867,59.0,106.54435134354233,20.0,110.98163253981465,1.0,38.73791861163299
8118,1140.0,209.01208786574824,52.0,182.9633017838922,227.0,438.75756228617814,287.0,225.00097996942495,427.0,219.33541881764341,117.0,107.8062804068996,30.0,86.94896095991653,,
8119,1400.0,327.67853799198593,55.0,261.381997908944,278.0,704.5287513621734,394.0,406.8062610994094,529.0,349.6087554192662,113.0,126.36852640878541,31.0,106.3027227213497,0.0,0.0
8121,472.0,372.85136501516683,11.0,166.28873771730915,106.0,890.9809195595528,122.0,360.4348853698889,158.0,373.55778324191414,60.0,252.18560860793545,15.0,184.18467583497053,0.0,0.0
8125,1109.0,321.95694079940546,61.0,344.321517272522,239.0,736.6539267661201,276.0,345.29349947455336,412.0,331.2536180613623,91.0,130.60263788624653,29.0,142.7797745064251,1.0,29.031284111758833
8126,304.0,269.85042829878836,18.0,324.3827716705713,62.0,590.3075311815671,88.0,327.36877348312936,92.0,232.05367502396206,27.0,117.03511053315995,17.0,242.64915786468742,0.0,0.0
8127,575.0,292.2327087176829,11.0,108.20381664371435,97.0,516.6719931820603,168.0,359.18157911615674,233.0,338.2645431976888,64.0,158.2004696576443,2.0,17.07650273224044,,
8128,395.0,298.34062190802047,26.0,426.0199901687695,77.0,664.0793445450626,99.0,341.061770076136,136.0,297.9254748187255,42.0,137.73201285498786,15.0,157.38117721120554,,
8135,381.0,286.94728755733297,16.0,251.9288301054952,81.0,651.4396010937751,84.0,277.54832314554767,143.0,313.8718173836699,41.0,144.56981664315938,16.0,163.14877128581625,0.0,0.0
8136,857.0,272.9082079452273,32.0,214.17575798139347,179.0,615.01460230201,241.0,324.6315902906867,301.0,276.3064890716653,90.0,135.7425115381135,14.0,68.2860208760121,0.0,0.0
8211,149.0,270.0009060433089,4.0,171.89514396218306,44.0,1014.760147601476,26.0,229.0950744558992,53.0,279.5506092093465,16.0,120.1923076923077,6.0,122.39902080783354,,
8212,845.0,270.78126001409987,42.0,311.0880675505518,166.0,690.1999916843374,272.0,282.71489450161107,249.0,241.3071287358995,93.0,166.11295681063123,23.0,120.26772641706756,,
8215,1227.0,275.667769787082,57.0,273.972602739726,237.0,582.0521636622624,334.0,340.6876995420096,431.0,269.90130754972193,144.0,149.4954528466426,24.0,81.276033729554,0.0,0.0
8216,665.0,287.35632183908046,29.0,269.2414817565686,117.0,570.0087693656825,179.0,355.50435939703283,252.0,305.85493737256047,78.0,152.03492905036643,10.0,62.20452848967405,0.0,0.0
8221,369.0,228.5041954361086,18.0,235.263364266109,66.0,539.4801373222168,114.0,202.02020202020202,110.0,217.89513301507438,35.0,134.13045144477658,24.0,279.2971022925637,2.0,123.85051243149518
8222,787.0,253.3332474940288,37.0,246.53518123667376,139.0,547.7184963354086,248.0,274.0482899607713,283.0,269.3801401157478,56.0,98.98365002209457,24.0,132.26055328998126,0.0,0.0
8225,663.0,461.59308793940113,22.0,333.8391502276176,143.0,1130.4347826086957,161.0,506.0824191368309,246.0,489.2796053940093,62.0,190.1548842202116,28.0,288.74909765906983,1.0,69.62188355043757
8226,1350.0,246.19087999562328,62.0,234.1036097266274,255.0,502.7305167281115,306.0,256.2470690694714,539.0,276.14685479491357,161.0,133.89552822201708,25.0,68.86483210753933,2.0,36.472722962314556
8231,623.0,494.6132410266996,30.0,433.5886688827865,115.0,953.3283594462406,162.0,494.2942576432538,201.0,487.556396448843,92.0,377.80789289967555,23.0,266.69758812615953,,
8235,592.0,371.85696069748303,25.0,325.30904359141186,142.0,954.3010752688172,155.0,433.20290665176077,209.0,373.0077992539844,45.0,131.76002108160338,16.0,149.92503748125938,0.0,0.0
8236,745.0,373.3287899136082,24.0,245.64994882292734,139.0,758.1956035564283,213.0,486.3457850031966,260.0,365.9240285420742,80.0,185.53305967207032,29.0,215.05376344086022,0.0,0.0
8237,565.0,477.82955439222616,31.0,551.994301994302,104.0,947.8672985781991,139.0,515.7316711190264,214.0,514.3488919867327,55.0,218.80097068066993,22.0,276.3819095477387,0.0,0.0
8311,528.0,228.37864140660483,43.0,371.32987910189985,117.0,602.3786232816764,175.0,230.69419177937726,162.0,220.81674935935882,30.0,77.41136398823348,0.0,0.0,1.0,43.253530569432726
8315,557.0,211.30420597797428,21.0,161.25316747293252,109.0,436.3490792634107,149.0,258.2188101138589,194.0,212.36303131807384,71.0,121.21212121212122,12.0,66.78911337451996,1.0,37.93612315583021
8316,381.0,228.9553386856401,19.0,230.66650479543523,87.0,555.1655924956926,96.0,264.1935217546853,136.0,230.93903888605877,36.0,98.5518355279367,6.0,55.84512285927029,1.0,60.09326474688717
8317,1449.0,336.231561214332,76.0,357.5629263702658,292.0,720.2940378401046,421.0,429.7540908302114,488.0,325.74811927187284,144.0,156.49622344183013,27.0,91.92428162876209,1.0,23.20438655723478
8325,625.0,446.81794134888975,23.0,327.775402593701,103.0,775.894538606403,163.0,513.1110901249724,240.0,494.97803534968136,74.0,248.4055052030883,22.0,230.55963110459024,0.0,0.0
8326,966.0,454.57540022399365,21.0,202.7027027027027,193.0,996.900826446281,289.0,588.5947046843177,324.0,455.13928104850606,102.0,218.6588921282799,35.0,220.8062582802347,2.0,94.11498969440864
8327,599.0,425.52889191992386,16.0,215.7788267026298,113.0,794.4319460067492,184.0,544.5075757575758,214.0,443.13757972334963,54.0,193.49290526014047,18.0,197.04433497536945,,
8335,904.0,315.7471926791359,28.0,205.74619736938791,141.0,554.0275049115913,256.0,352.7774332685656,352.0,366.78128581848495,98.0,165.4483142842672,29.0,148.90121174779216,0.0,0.0
8336,884.0,386.4717403469502,36.0,315.3192607515109,228.0,1028.138528138528,209.0,409.5309009679821,327.0,402.4120108294364,68.0,142.5367346510994,16.0,105.66635847312112,0.0,0.0
8337,407.0,238.00752033590055,10.0,119.43150603129105,117.0,693.9913399371255,111.0,291.3997689803633,126.0,214.09273953749172,34.0,91.1088482769709,9.0,78.20646506777894,0.0,0.0
8415,800.0,278.7126263787565,34.0,236.2916116477865,178.0,661.5133045934294,235.0,353.9956315432703,271.0,269.9714089319692,72.0,121.27949871140532,10.0,51.009997959600085,0.0,0.0
8416,505.0,220.83453589763772,20.0,173.65633411478683,85.0,414.6341463414634,189.0,280.5861132142698,161.0,215.5605243074616,42.0,99.55909543450434,7.0,56.32896113301682,1.0,43.72961106883915
8417,772.0,407.68259902937746,22.0,254.95422412794068,112.0,663.2713490465475,241.0,570.0094607379376,287.0,436.3359939186621,90.0,215.51724137931035,20.0,142.52120002850424,,
8421,343.0,270.5260667245051,19.0,309.29513267133325,95.0,845.7224249977744,72.0,191.76987614862165,125.0,301.1975615045421,22.0,95.86474356181097,10.0,134.78905512872356,0.0,0.0
8425,425.0,215.65284458787474,27.0,265.04368312555215,97.0,501.1107093041277,97.0,209.56660761353325,166.0,238.61545538178473,28.0,70.84840970623213,10.0,82.25713580653121,0.0,0.0
8426,584.0,290.1402013096054,26.0,238.13885326982964,130.0,643.7555709616718,152.0,317.50673657385164,227.0,320.10153000070505,46.0,116.0326909494501,3.0,25.558016697904243,,
8435,820.0,377.0635030119097,20.0,194.02405898331392,121.0,617.3469387755102,204.0,421.62698412698415,348.0,464.33432071091187,108.0,220.08925842147093,17.0,112.12980674098014,2.0,91.9667080516853
8436,892.0,312.51751779808285,38.0,264.12733717939807,182.0,673.949268653953,220.0,317.08055287318217,331.0,334.96260764848154,93.0,159.56899214165608,28.0,159.54415954415956,,
8437,615.0,470.0074131250526,21.0,333.22754681053635,125.0,1020.8248264597795,148.0,483.17064411870325,233.0,513.4194173901546,54.0,194.76303830339754,34.0,397.05710615438517,0.0,0.0
9161,386.0,280.9479445673693,17.0,231.35547087642897,65.0,533.2677003855936,107.0,289.6118659665458,128.0,269.8543208314886,42.0,165.73931573339647,27.0,331.899200983405,0.0,0.0
9162,3096.0,208.59356998193,109.0,137.47178044873817,470.0,380.70552023004336,1170.0,273.04550758459743,1073.0,205.98646977969238,224.0,88.66897575457695,49.0,61.674785082254026,1.0,6.737518410269056
9163,193.0,303.6930968828185,3.0,94.54774661203908,29.0,524.5071441490323,55.0,326.4869998812774,66.0,303.8534137470651,28.0,224.26912294753706,12.0,316.03897814063737,0.0,0.0
9171,385.0,345.2419383765558,23.0,413.66906474820144,87.0,855.373119653918,93.0,376.914971224771,130.0,334.82717766445165,35.0,142.29956090421206,17.0,221.0950708804786,0.0,0.0
9172,269.0,253.94367925686072,11.0,225.87268993839837,47.0,530.2944826808078,71.0,293.23090901581793,100.0,277.86268026341384,29.0,120.83836826534439,11.0,137.58599124452783,,
9173,313.0,244.68991611748243,10.0,155.93326056447842,68.0,572.7280384064685,79.0,281.2488874648439,128.0,280.4311629129787,24.0,87.81558726673984,4.0,46.68534080298786,0.0,0.0
9174,353.0,227.89043182977295,18.0,221.9482120838471,83.0,560.3186390332816,85.0,236.61720903042618,133.0,230.47863307108446,28.0,94.50200816767357,5.0,57.35260380821289,1.0,64.55819598577138
9175,409.0,284.7217871339167,28.0,381.5233683063088,86.0,573.601013806443,75.0,234.7932254328022,161.0,297.7456401531263,37.0,137.6436888508612,19.0,225.65320665083135,3.0,208.84238665079465
9176,302.0,227.27101692491777,15.0,199.4415636218588,61.0,459.64885841308114,76.0,238.00576224477012,116.0,242.42930886747894,26.0,104.03745348325397,8.0,109.3344266776001,,
9177,291.0,210.59182816864714,16.0,225.5109231853418,75.0,562.9785317519892,82.0,251.7576985662092,106.0,200.3780718336484,10.0,39.464856545246455,2.0,28.75629043853343,0.0,0.0
9178,362.0,201.1032904275945,14.0,149.78067829250026,74.0,437.9734848484849,93.0,196.3516594882189,140.0,208.38605004242146,31.0,100.55467254857439,10.0,119.21793037672866,0.0,0.0
9179,316.0,144.0876198640287,15.0,137.43815283122595,74.0,346.8804200065626,69.0,144.511697069973,113.0,143.41375502900004,40.0,87.1953612067838,5.0,34.129692832764505,,
9180,187.0,211.4810458698996,11.0,278.9046653144016,29.0,401.88470066518846,46.0,242.7312542873727,64.0,211.4444297608035,24.0,115.43456303208119,13.0,179.21146953405017,,
9181,228.0,189.52303369852538,9.0,154.79876160990713,52.0,448.4304932735426,57.0,214.4873000940734,87.0,197.23418725912492,15.0,59.85395634651451,8.0,111.95074167366359,0.0,0.0
9182,255.0,254.974502549745,10.0,213.76656690893543,47.0,519.1649177068375,65.0,308.04227287806265,105.0,290.77012544653985,25.0,113.66736382649813,3.0,42.41481690937368,0.0,0.0
9183,309.0,266.6735708367854,18.0,314.026517794836,70.0,647.7283242342926,95.0,352.41310234818417,96.0,233.24181831434194,25.0,102.22858311183808,5.0,73.94262052647146,,
9184,550.0,156.93077640788306,28.0,162.59218396144243,100.0,277.86268026341384,149.0,188.45492259435395,204.0,160.57808109193095,50.0,73.1807271237047,19.0,83.20924936498204,0.0,0.0
9185,341.0,350.4516818597577,20.0,403.7956793862306,80.0,854.7008547008547,72.0,321.2278040510395,134.0,381.2558682106581,29.0,146.21357265302007,6.0,107.23860589812332,,
9186,301.0,234.73995336395612,14.0,205.94292438952633,66.0,543.6573311367381,88.0,293.5290193462308,111.0,234.65742130520263,19.0,75.84527563769909,3.0,43.13443565780015,,
9187,869.0,332.5297516549956,33.0,262.1336087060132,172.0,712.27430843134,222.0,383.51904638507386,305.0,328.8586985821338,104.0,181.24150430448572,30.0,180.92998009770218,3.0,114.79738261967627
9188,325.0,237.80429803829747,15.0,239.0438247011952,82.0,593.1712962962963,65.0,236.9409105821456,122.0,248.86277869571427,34.0,112.44501769355425,7.0,70.88607594936708,0.0,0.0
9189,524.0,295.5126072220123,22.0,267.7376171352075,103.0,657.8947368421053,137.0,348.34346156779986,182.0,296.8181744051405,57.0,141.77693761814746,23.0,182.59765004763418,0.0,0.0
9190,380.0,280.4883449711392,19.0,286.4897466827503,83.0,648.1336873340622,120.0,406.7520846044336,116.0,243.33452203645822,27.0,90.62227294086058,15.0,165.3256916124766,0.0,0.0
9261,122.0,166.18762855702823,2.0,58.19028222286878,21.0,339.2568659127625,37.0,193.50452382197585,45.0,177.367860943597,16.0,110.38289065194895,0.0,0.0,1.0,136.2193676696953
9262,106.0,200.74616972520502,3.0,144.3001443001443,23.0,627.0447110141766,31.0,187.01737451737452,35.0,219.11976460276716,9.0,81.43322475570032,5.0,144.7178002894356,,
9263,123.0,257.370634638321,4.0,193.7984496124031,16.0,423.2804232804233,33.0,280.3976548559776,56.0,335.6106915977466,12.0,115.85248117397181,2.0,63.81620931716656,,
9271,367.0,307.1695207485897,22.0,419.52707856598016,66.0,647.6302619958788,94.0,332.5197212494252,120.0,283.0055186076128,45.0,171.91320293398533,20.0,277.9321845469705,0.0,0.0
9272,236.0,301.16638166458233,13.0,393.4624697336562,49.0,782.8726633647548,56.0,327.58116408306523,77.0,276.4215967834578,30.0,159.0583744234134,11.0,220.57349107679968,,
9273,341.0,277.1051049098799,11.0,177.50524447313217,73.0,619.9048913043479,89.0,305.17075846934574,129.0,289.6338040818159,25.0,101.92433137638618,14.0,204.26028596440034,0.0,0.0
9274,401.0,250.78958066230965,12.0,147.16703458425312,84.0,542.2853453841188,107.0,297.8178579380984,157.0,264.8135341643193,32.0,98.5282344971981,9.0,105.16475812105632,0.0,0.0
9275,599.0,310.9168673698198,24.0,289.3658066071859,119.0,716.3496267758247,160.0,382.857553061664,197.0,288.4925167677123,69.0,152.61772577470086,30.0,240.73182474723157,,
9276,240.0,310.0374628600956,10.0,292.5687536571094,26.0,409.1266719118804,71.0,416.8379028943815,90.0,333.64226135310474,28.0,151.65466067269674,14.0,271.00271002710025,1.0,129.1822761917065
9277,280.0,230.44888149989302,11.0,198.84309472161968,44.0,413.1067505398554,86.0,309.8987423876617,94.0,220.79721889460455,27.0,100.39787305246719,18.0,222.16736608244878,0.0,0.0
9278,178.0,176.02848101265823,8.0,163.5657329789409,32.0,341.4425949637217,40.0,177.8093883357041,72.0,194.54201567144014,21.0,97.42067173872704,5.0,86.28127696289906,,
9279,210.0,217.20467920937497,6.0,128.36970474967907,30.0,350.34450543033984,62.0,269.893783736723,86.0,246.29131107165358,23.0,115.0575287643822,3.0,53.89867049946101,0.0,0.0
9361,94.0,222.71187243822115,4.0,219.53896816684963,15.0,437.57292882147027,25.0,252.9340348037232,38.0,269.1027547624106,8.0,83.42022940563086,4.0,118.9767995240928,,
9362,438.0,286.0987367238429,18.0,253.02220972729828,95.0,801.4172431246836,132.0,265.41732853437355,155.0,310.05581004580824,23.0,88.57395925597874,15.0,177.83046828689982,0.0,0.0
9363,75.0,175.46732798352946,3.0,157.56302521008402,18.0,531.6007088009451,20.0,194.81784531463083,28.0,194.75551227655282,5.0,52.32314776056928,1.0,30.73140749846343,,
9371,218.0,211.54984521926463,10.0,208.15986677768527,47.0,542.1617256892375,43.0,189.7868208500684,77.0,208.97790804972047,34.0,147.67840854797376,7.0,99.29078014184397,0.0,0.0
9372,317.0,247.66011968937013,9.0,156.90376569037656,51.0,465.6258559298822,82.0,287.3663921499912,122.0,268.49182420387774,36.0,124.11653163247716,17.0,204.08163265306123,,
9373,370.0,274.9437108483871,20.0,299.311583358276,78.0,631.2722563936549,95.0,304.74113042920385,131.0,267.9758617162729,37.0,133.93665158371041,9.0,114.6350783339702,0.0,0.0
9374,206.0,218.10481736368448,16.0,352.7336860670194,63.0,789.3747650670342,50.0,241.3243882426758,55.0,162.10799339778353,15.0,70.8918190840777,7.0,114.24840868287906,,
9375,553.0,284.9487298397485,13.0,135.41666666666666,158.0,864.9003722356032,106.0,249.72318420618654,209.0,291.4923291492329,54.0,130.62725271535353,13.0,121.31392310563643,0.0,0.0
9376,393.0,265.7703960181779,22.0,320.5128205128205,70.0,549.6231155778894,103.0,305.35708991728677,139.0,260.8026718201775,41.0,128.95920485641494,18.0,190.45603639826473,0.0,0.0
9377,118.0,163.78424895205842,7.0,226.83084899546338,13.0,219.2612582222972,32.0,207.84619381657572,47.0,185.07580232329198,11.0,64.67924972070324,8.0,152.8759793617428,,
9461,260.0,336.03453401057214,11.0,296.09690444145355,57.0,977.7015437392796,54.0,228.43605905495156,99.0,401.345927757733,22.0,151.7032133498828,17.0,338.64541832669323,,
9462,110.0,147.09225358704518,5.0,172.65193370165747,11.0,213.34367726920092,34.0,143.06753629286766,44.0,196.69199821189093,12.0,77.57450384640248,4.0,78.01833430856252,,
9463,227.0,552.6879626022594,11.0,646.6784244562023,40.0,1269.8412698412699,67.0,654.36077741967,72.0,538.4385282680228,29.0,311.05867210125496,7.0,212.9601460298144,1.0,243.47487339306582
9464,149.0,325.15002727768683,13.0,588.5015844273427,34.0,889.1213389121339,41.0,381.3953488372093,46.0,310.475161987041,10.0,93.66804046459347,5.0,140.8450704225352,,
9471,557.0,378.4918763547903,38.0,519.8358413132695,110.0,817.2969760011888,141.0,434.5280285987242,180.0,329.60996154550446,61.0,197.21315185412692,27.0,321.2755830556878,0.0,0.0
9472,127.0,122.51118999845656,8.0,179.7348910357223,22.0,242.98652529268833,35.0,166.9608357582407,45.0,119.13586783861061,14.0,57.87754764562404,3.0,41.4651002073255,,
9473,483.0,556.7915893345015,20.0,520.6977349648529,95.0,1303.1550068587105,123.0,695.1901882100266,177.0,572.4450194049159,48.0,233.99795251791548,19.0,292.7580893682589,1.0,115.27776176697753
9474,273.0,234.93369362236774,15.0,269.735659054127,41.0,387.4870050089784,78.0,311.61359913707,99.0,233.98723705979674,36.0,141.32056214179164,4.0,55.20287054926856,,
9475,273.0,287.97164586871446,6.0,162.42555495397943,45.0,604.351329572925,71.0,387.4911313649512,107.0,322.8434360196723,30.0,125.72290671360322,14.0,168.00672026881074,0.0,0.0
9476,283.0,424.0145033936143,11.0,447.7004477004477,51.0,1008.3036773428232,66.0,499.5080602436994,88.0,363.1711444017993,47.0,286.5853658536585,20.0,371.4710252600297,,
9477,144.0,201.2128664449599,7.0,254.82344375682564,20.0,353.8570417551309,34.0,236.06193154203984,59.0,230.16306467972225,19.0,108.0773606370876,5.0,90.09009009009009,,
9478,259.0,387.86390319875403,17.0,588.2352941176471,58.0,1045.7987738910927,55.0,391.26413886319983,75.0,315.16577719880655,37.0,236.5124009204807,3.0,61.95786864931846,14.0,2096.561638912184
9479,129.0,177.5514417452343,4.0,133.02294645826404,19.0,333.91915641476277,43.0,303.1798632165268,39.0,157.44217027976262,17.0,90.7295725036025,7.0,111.69618637306526,,
9561,156.0,373.22359921527345,7.0,323.9241092086997,33.0,892.1330089213301,49.0,486.8355688027819,51.0,362.6279863481229,11.0,123.30456226880395,5.0,173.13019390581718,,
9562,139.0,123.52481160244561,5.0,92.5925925925926,24.0,252.31286795626576,41.0,115.76361634243442,48.0,132.1695073932318,17.0,88.58319003699651,4.0,59.781796442983115,,
9563,389.0,302.7308030537678,25.0,373.69207772795215,102.0,940.3521711072186,91.0,285.68737638526983,129.0,272.5256152952361,28.0,112.81679358555945,14.0,201.3519344167985,0.0,0.0
9564,1633.0,315.02594671759556,72.0,280.19925280199254,352.0,796.9390296361702,459.0,334.9973725696269,549.0,309.7931890641311,163.0,161.7432549093543,38.0,113.44299489506523,0.0,0.0
9565,123.0,300.1390888460506,4.0,193.05019305019306,26.0,689.8381533563279,33.0,371.6216216216216,45.0,306.37254901960785,14.0,158.47860538827257,1.0,36.52300949598247,,
9571,540.0,292.5386394786311,24.0,262.35242675994755,97.0,573.5233252527642,130.0,309.50170225936245,210.0,319.41106683296323,60.0,154.2813062483929,18.0,151.37498948784796,1.0,54.17382212567243
9572,265.0,193.0614445367254,9.0,128.05919180421174,61.0,453.5653208416983,45.0,157.96679186997576,117.0,233.81762225464138,29.0,95.89629972553817,4.0,49.887752556747316,0.0,0.0
9573,305.0,258.79697589369806,10.0,169.7792869269949,71.0,676.0617025328509,65.0,277.209143636984,111.0,261.2010542168675,42.0,154.11147396616886,6.0,72.60406582768636,0.0,0.0
9574,402.0,235.37402220244508,16.0,198.09335149189056,76.0,500.29622802975445,109.0,310.28494975661135,147.0,237.65641672325154,41.0,105.45267489711934,13.0,111.48272017837235,0.0,0.0
9575,250.0,247.49044686875087,12.0,246.5584549003493,61.0,673.0663135826989,57.0,255.7544757033248,91.0,252.11946583919766,25.0,112.89739884393063,4.0,60.98490623570666,,
9576,386.0,304.5388918255765,16.0,258.60675610150315,94.0,820.8890053270457,82.0,300.91743119266056,147.0,319.6903136009743,38.0,136.58256056358277,9.0,111.7041082288693,0.0,0.0
9577,359.0,378.955813118838,24.0,519.4805194805194,76.0,905.516501846777,89.0,422.9836984934176,122.0,371.1252395583001,30.0,141.3494157557482,18.0,273.4315661552484,0.0,0.0
9661,148.0,208.44483253992846,6.0,176.67844522968198,27.0,449.10179640718565,45.0,259.60539979231567,43.0,174.3926673966825,24.0,159.8827526480581,3.0,65.33101045296168,,
9662,240.0,449.2194811514993,9.0,351.01404056162244,63.0,1345.2914798206277,57.0,435.9131232792903,69.0,411.22832111568033,31.0,258.5487906588824,11.0,253.80710659898477,0.0,0.0
9663,261.0,204.0114434005034,5.0,92.95408068414203,34.0,412.7716401602525,98.0,223.26513874333622,76.0,202.03631336895552,27.0,113.94328156650911,21.0,230.49061573921634,,
9671,390.0,223.88059701492537,10.0,123.10722639418934,75.0,492.51379038613084,108.0,293.4304189534315,145.0,229.67750110878794,43.0,109.97161197923327,9.0,76.20660457239627,,
9672,322.0,311.90972054051434,22.0,498.527079084523,45.0,525.7623554153523,86.0,408.5316612037433,121.0,340.4231375196939,37.0,146.39550526232492,11.0,131.0459852275435,,
9673,284.0,356.6271111948264,12.0,329.76092333058534,48.0,682.7880512091039,85.0,497.5706843060352,106.0,382.2712683472177,30.0,163.40759300615503,3.0,51.76876617773943,,
9674,297.0,351.96245733788396,17.0,435.2278545826933,50.0,672.5854183481302,79.0,433.23279407732383,107.0,353.9296110082032,36.0,187.41215055442763,8.0,149.03129657228018,,
9675,194.0,212.82431024079864,8.0,182.8989483310471,34.0,431.2531709791984,53.0,257.16919792323745,70.0,214.63833440652502,16.0,81.46639511201629,13.0,215.41010770505386,0.0,0.0
9676,285.0,221.37125901990788,14.0,237.3685995252628,55.0,479.5953958841995,64.0,230.0916771526155,110.0,237.17119448037948,34.0,119.19368974583699,8.0,92.41076585422202,,
9677,247.0,195.7862363068533,8.0,144.2741208295762,29.0,279.383429672447,70.0,268.1478643937943,90.0,201.1847546663686,34.0,113.39381003201707,16.0,170.04995217345095,,
9678,335.0,290.18147169647887,23.0,414.78809738503156,72.0,717.2743574417215,72.0,286.464550011936,112.0,276.43400138217,31.0,118.17176838333397,25.0,313.3224714876551,0.0,0.0
9679,285.0,175.59857549506475,19.0,237.4703162104737,53.0,364.3863870745961,71.0,202.7123483226267,92.0,160.03896600911526,42.0,113.81496937835348,8.0,77.34699796964131,,
9761,387.0,130.48667822052585,12.0,83.92195258409679,73.0,303.92605853699155,123.0,145.4192922927775,139.0,140.14922363379713,33.0,59.20344456404736,7.0,37.31144395288098,,
9762,137.0,308.5724582188387,4.0,179.69451931716083,17.0,436.56908063687723,39.0,377.7971519907004,52.0,350.7825148407987,20.0,203.72822654578792,5.0,150.87507543753773,0.0,0.0
9763,186.0,268.9765874680048,8.0,237.2479240806643,37.0,660.7142857142857,53.0,291.8020150856136,61.0,272.820788049555,20.0,135.38211602247344,6.0,122.85012285012284,1.0,144.61106853118537
9764,114.0,258.5034013605442,4.0,188.5014137606032,14.0,360.73177016232927,36.0,343.445907269605,44.0,291.1015547469401,14.0,148.10113191579393,2.0,65.63833278634722,,
9771,363.0,269.5778099587836,10.0,140.29180695847361,71.0,548.3048884083713,99.0,332.63893555540625,142.0,289.9142507145774,34.0,122.16593007797061,7.0,87.44534665833854,,
9772,694.0,273.80182113718496,31.0,235.25840479623588,151.0,627.6498462050046,206.0,372.24430791470905,232.0,254.04334066992982,65.0,120.2434467321531,9.0,58.015857667762525,0.0,0.0
9773,435.0,450.48776951595863,23.0,489.778534923339,101.0,1131.5258794532826,114.0,513.4903833160669,155.0,453.98629254290904,36.0,175.67831348819053,1.0,16.38001638001638,5.0,517.8020339263893
9774,393.0,309.38304454958393,20.0,318.26861871419476,86.0,735.7344511934298,83.0,276.0685182105438,146.0,321.57881984978303,45.0,172.05123303383675,14.0,188.34925332974572,-1.0,-78.7234210049832
9775,480.0,273.9663478002785,15.0,170.53206002728513,126.0,781.3468932159246,123.0,295.6091230262684,169.0,274.3595571284782,33.0,90.79903147699758,13.0,121.14434815021899,1.0,57.07632245839136
9776,252.0,307.3882972883961,10.0,260.01040041601664,56.0,782.5600894354388,56.0,312.25604996096797,81.0,279.69613259668506,38.0,209.62047661076787,11.0,184.65670639583684,,
9777,414.0,293.23851482483605,17.0,235.1313969571231,84.0,637.5711574952562,118.0,372.533543804262,154.0,310.92267312739756,33.0,107.41488184362997,8.0,90.3954802259887,0.0,0.0
9778,633.0,435.52748364191797,28.0,380.4347826086956,119.0,890.1189318572817,179.0,539.1079119356684,229.0,449.15171128763365,59.0,191.2913789190416,16.0,166.99718192255506,3.0,206.41112968811277
9779,287.0,214.52650934722647,11.0,171.875,69.0,553.7720706260033,80.0,258.26446280991735,92.0,192.46861924686192,31.0,111.59107271418287,3.0,35.85514521333811,1.0,74.74791266453884
9780,317.0,203.19470796369416,4.0,52.36973029588898,67.0,494.8301329394387,97.0,287.902172622581,94.0,171.54223771374345,43.0,121.27023520785154,9.0,82.69778553707617,3.0,192.29783088046767
10041,859.0,261.3213918482328,31.0,215.83234700271532,145.0,549.9715531955244,270.0,343.459013891009,256.0,235.64932434920283,109.0,142.04915682748194,43.0,179.13681053157808,5.0,152.10791143668965
10042,309.0,299.29389885997114,23.0,565.6665027053615,71.0,819.1047531149054,75.0,352.37737267430936,104.0,282.2788589419971,31.0,124.78364126715775,5.0,66.32179334129195,,
10043,323.0,245.7993425057835,8.0,148.892611204169,56.0,539.8631061409428,91.0,336.02895018647763,116.0,256.04803107893343,32.0,97.2821791208123,20.0,192.62255610131947,,
10044,439.0,225.91717742475004,17.0,205.1901025950513,84.0,529.500756429652,131.0,323.3689615166251,146.0,219.39381189234678,49.0,101.88804790817599,12.0,79.89347536617844,,
10045,421.0,296.07021294551186,33.0,578.9473684210526,85.0,746.727576210138,95.0,324.40923371124165,122.0,253.45382777604652,58.0,162.44223498109508,28.0,233.547418466928,,
10046,136.0,156.30926247313434,9.0,277.1789344009855,21.0,312.128418549346,30.0,175.05981210246836,49.0,160.56624176688402,14.0,62.17248423483436,13.0,189.50437317784255,0.0,0.0
11000,11932.0,325.16771399630085,539.0,278.9364190566877,2465.0,755.4143133391151,3736.0,387.50805147550744,4088.0,320.33977330162327,864.0,123.69982747882857,236.0,111.72814081533137,4.0,10.90069440148511
12051,571.0,791.0340241604788,11.0,356.7953292247811,178.0,3075.3282653766414,107.0,762.5427594070695,176.0,738.9369384499118,61.0,326.8499169479719,38.0,558.8235294117648,,
12052,1105.0,1108.5695940929793,50.0,1169.3171188026192,277.0,3465.0988241180885,259.0,1204.1471012134455,371.0,1142.7691359926075,109.0,437.1014957693387,32.0,376.60350712016003,7.0,702.2612813258693
12053,347.0,600.8553964433517,14.0,611.6207951070336,67.0,1431.929899551186,86.0,725.2487771968291,122.0,648.0743691899071,46.0,304.1523406506215,12.0,241.15755627009645,,
12054,565.0,313.3075293621835,19.0,194.89178377269462,123.0,695.7407093161378,154.0,345.4696368082195,206.0,329.2207377101579,40.0,117.69552168539987,23.0,195.39546342706652,0.0,0.0
12060,838.0,452.37632527909136,26.0,320.0787886248923,194.0,1108.2547843473294,171.0,540.0625335565171,319.0,464.8383994404453,75.0,162.3060442770889,53.0,404.02500381155664,,
12061,1011.0,591.9515665345364,22.0,282.34086242299793,228.0,1479.2707454745994,209.0,707.2758037225042,399.0,631.6689358199031,115.0,277.7576504118059,36.0,267.32011583871684,2.0,117.10218922542757
12062,781.0,766.9871448633467,20.0,509.29462694168575,102.0,1273.2492822369243,174.0,1129.063655830251,332.0,920.687742651137,115.0,395.1211132107885,38.0,408.03178352840115,,
12063,540.0,331.29647353309286,20.0,282.44598220590314,119.0,762.7716172040253,116.0,400.0275881095248,225.0,364.24269895745647,48.0,124.46841613940462,12.0,109.2896174863388,,
12064,977.0,499.1034528559241,30.0,357.14285714285717,223.0,1226.8926056338028,175.0,565.8120210805394,373.0,504.6473556749151,120.0,244.20521378131423,56.0,368.5665394234566,0.0,0.0
12065,796.0,373.85986830363436,19.0,205.8058925476603,171.0,855.9415356892582,175.0,471.38047138047136,322.0,398.9345227033389,81.0,160.05690912324383,26.0,170.41358065150422,2.0,93.93464027729506
12066,564.0,515.6760018652111,7.0,165.1722510618216,85.0,985.8501507770819,122.0,712.2423959367155,219.0,574.1551529769552,79.0,255.57244993691566,52.0,503.4856700232378,0.0,0.0
12067,1414.0,790.8144717929789,44.0,585.4956753160346,277.0,1780.7778849244617,294.0,1039.2732157375658,536.0,840.0068955789935,182.0,377.2880864031178,81.0,526.1106780982074,0.0,0.0
12068,523.0,529.0256016022496,26.0,648.7025948103792,146.0,1752.2803648583774,115.0,698.5361112798396,187.0,532.490460732388,40.0,148.3239394838327,9.0,112.89513296537882,,
12069,897.0,414.192440179899,26.0,277.09687733134393,194.0,895.2468850946009,188.0,528.0305583642287,353.0,424.77407554480584,105.0,202.06685526239824,31.0,208.8526578185003,0.0,0.0
12070,511.0,670.9735024554216,9.0,308.641975308642,84.0,1431.980906921241,100.0,805.0233456770246,207.0,787.6412617480308,83.0,384.47285528997594,28.0,395.20112914608325,0.0,0.0
12071,964.0,847.6960956735843,26.0,605.7781919850885,168.0,1809.5648427401982,177.0,1111.8090452261306,389.0,949.7997851352671,166.0,497.28887690602437,33.0,333.7716192980682,5.0,439.6763981709462
12072,1087.0,639.4230486420348,42.0,530.9063329541145,246.0,1567.8776290630974,236.0,748.3510908168442,389.0,612.2031444264334,115.0,292.1005842011684,54.0,451.92066281697214,5.0,294.12283746183755
12073,473.0,397.6560989348197,7.0,155.62472209871055,105.0,1066.9647393557566,87.0,464.79324714178864,191.0,463.2998593120846,56.0,163.97762876636116,27.0,256.82488347759914,0.0,0.0
13003,674.0,322.19359341463064,24.0,259.8808879263671,115.0,721.9989954796584,179.0,323.0813659663562,244.0,376.3805762941939,78.0,167.13091922005572,33.0,192.6894779866869,1.0,47.80320377071671
13004,237.0,247.77058743583578,15.0,336.02150537634407,46.0,553.8832028898254,63.0,310.0546286726709,84.0,273.21515693608717,24.0,101.79412138948976,5.0,60.657527599175054,,
13071,1275.0,494.04434387036275,58.0,568.0148859073548,231.0,1037.8290951567976,289.0,665.4386368869446,473.0,525.1296170883617,164.0,231.7497103128621,48.0,224.9718785151856,12.0,464.98291187798844
13072,932.0,431.89337979739935,39.0,407.52351097178683,203.0,997.9353062629043,194.0,557.9201656505234,357.0,447.73873128151104,109.0,194.68805258363548,30.0,194.9444408343622,,
13073,815.0,362.7026016679869,31.0,361.01083032490976,157.0,829.4151830524592,169.0,443.6743587724134,331.0,416.8398252043271,106.0,173.8189331453028,19.0,101.57711841753542,2.0,89.00677341545692
13074,507.0,322.2689770025807,36.0,525.2407353370295,79.0,565.254722381225,134.0,467.877094972067,191.0,335.7356301634734,57.0,144.44275505549643,8.0,69.56521739130434,2.0,127.12780157892729
13075,1139.0,483.3993285884655,36.0,376.88442211055275,230.0,1161.02978293791,262.0,581.0085598971039,415.0,520.3305039056133,141.0,226.49874702820793,55.0,287.08633469046873,,
13076,680.0,321.08943757407485,30.0,332.667997338656,128.0,690.2874400043142,142.0,397.3806458834723,250.0,321.46898467235883,81.0,145.97487790372867,46.0,302.0949628948578,3.0,141.65710481209186
14511,1370.0,556.1554637199899,36.0,315.04331845628775,258.0,1263.8385421769374,356.0,663.4982760227379,500.0,657.0647603027754,177.0,281.878553341933,43.0,195.90869743496287,,
14521,1982.0,591.733642237004,32.0,237.84748030325554,297.0,1008.2835415535035,437.0,842.8158148505304,833.0,745.7475380483438,266.0,271.66697305798965,117.0,382.67809249689276,,
14522,2014.0,662.2843218820187,39.0,312.04992798847815,428.0,1624.7200394791785,421.0,822.7959426974417,795.0,771.515080936299,240.0,288.91992102855494,91.0,325.2439329497123,0.0,0.0
14523,1884.0,833.6393845936008,38.0,436.1799816345271,421.0,2297.157199759917,400.0,1118.0054782268433,707.0,931.0349368555513,229.0,349.3036806540673,89.0,410.4408780667774,,
14524,1583.0,502.5364918317979,32.0,252.7246880429632,327.0,1253.978601833033,374.0,711.8385991625428,612.0,579.0300300868545,182.0,205.72410363069133,56.0,189.43878759175942,,
14612,3164.0,568.2675383454865,114.0,384.3819542787781,723.0,1392.1247713488015,785.0,529.2503522717313,1163.0,661.0921947919805,287.0,262.3712141296498,92.0,221.38800654538454,0.0,0.0
14625,1522.0,507.742912616177,23.0,176.99115044247787,281.0,1021.001380713611,324.0,700.0108026358431,626.0,598.5104165670742,208.0,257.6074706166479,60.0,217.23388848660392,,
14626,1153.0,456.2271243446434,23.0,231.5047810770005,172.0,787.3294882358326,235.0,595.660549528541,460.0,546.850852374046,205.0,282.75082066701606,58.0,233.19395303956256,,
14627,1908.0,789.3528382364501,61.0,592.0605648840144,409.0,1833.5873755940106,371.0,977.2158567101277,770.0,906.8852613478435,228.0,356.66797027766916,68.0,304.76873431337395,1.0,41.37069382790619
14628,1956.0,796.4623390584154,38.0,343.98479225128995,326.0,1392.5672789406237,421.0,1061.7906683480453,797.0,936.9966728976358,285.0,443.0281361728587,89.0,402.8972385694885,0.0,0.0
14713,2094.0,353.0334066712187,87.0,273.8949754438988,481.0,943.6183152195237,559.0,326.89293817688474,683.0,362.7864977558229,192.0,173.9382519205682,92.0,225.74471217549197,0.0,0.0
14729,1716.0,664.7581341835213,67.0,593.6558568137516,369.0,1559.7260968805479,347.0,862.4546403539296,678.0,727.9129939984755,187.0,273.49177330895793,67.0,312.4562794385114,1.0,38.73881900836371
14730,1181.0,597.24589235414,52.0,599.009330722267,270.0,1552.4379024839006,230.0,709.6137233123535,483.0,677.0205489052732,111.0,215.32075032492097,35.0,213.89720711360997,,
15001,472.0,589.2413517596095,16.0,532.6231691078561,75.0,1254.600200736032,119.0,905.6316590563166,169.0,648.7025948103792,75.0,318.1876034109711,18.0,215.36252692031587,0.0,0.0
15002,1399.0,585.939136043424,61.0,529.2382439701545,265.0,1287.9708383961117,353.0,574.1798012329414,519.0,711.6705746842733,144.0,265.47693669112493,57.0,316.4381280186532,0.0,0.0
15003,1552.0,653.2948877149412,61.0,550.7900677200903,338.0,1716.5202376720329,406.0,680.8881733413832,522.0,704.1968513497106,137.0,251.52383050598516,84.0,452.1963824289406,4.0,168.37497106055184
15081,390.0,468.902167770791,7.0,201.6709881878421,82.0,1106.3140852671345,86.0,608.7633609400439,157.0,521.3695081858334,44.0,204.70829068577277,14.0,213.54484441732765,,
15082,940.0,593.1123253788978,38.0,630.6007301692665,156.0,1256.7469588334811,228.0,894.3982425859093,346.0,620.0050173816436,111.0,246.35461748451962,59.0,430.90855974291554,2.0,126.1941117827442
15083,1405.0,822.0075706604729,32.0,443.2746917855659,338.0,2207.85159056764,329.0,1147.3008787836518,524.0,825.7299988969256,142.0,321.6380891979433,35.0,288.9934770043762,5.0,292.52938457668074
15084,1189.0,664.8177761873344,35.0,493.4442408007895,173.0,1218.8248555727773,316.0,1078.5351035871531,463.0,743.9304593730418,143.0,287.7842624270477,59.0,361.23186187473215,0.0,0.0
15085,952.0,446.2988139327739,37.0,463.6591478696742,178.0,1059.334642623341,208.0,586.4771894208537,359.0,483.508195396571,114.0,188.77610160790869,54.0,293.11187103077674,2.0,93.76025502789368
15086,527.0,588.2418600497829,19.0,505.72265105137075,89.0,1178.6518341941464,126.0,887.0116156282999,210.0,644.0532417346501,62.0,255.61739847454132,19.0,263.34026334026333,2.0,223.24169261851344
15087,865.0,641.0161402676706,30.0,637.0779358674878,164.0,1552.148400530002,197.0,959.2910011686794,305.0,656.605885772104,117.0,291.3636816415978,52.0,415.202810603641,0.0,0.0
15088,1335.0,726.2736990996382,63.0,828.9473684210526,231.0,1432.9135909683023,302.0,1000.4969355640219,531.0,797.129732488666,164.0,330.4253218624705,42.0,307.42204655248133,2.0,108.8050485542529
15089,1006.0,531.9233311302049,42.0,581.9592628516004,189.0,1247.2777667788557,211.0,669.8200057141044,365.0,553.9703739679456,133.0,251.00970067565018,65.0,396.8253968253968,1.0,52.875082617316586
15090,480.0,431.6934976166921,6.0,136.4256480218281,99.0,1058.9367846828538,107.0,556.6248764500858,196.0,500.40849673202615,55.0,182.79712842329167,17.0,189.6474788041053,0.0,0.0
15091,695.0,556.2091346346226,17.0,363.1702627643666,139.0,1402.7651629831466,150.0,769.2307692307693,283.0,651.7733763242745,75.0,207.836834229341,27.0,237.73883948225765,4.0,320.12036525733674
16051,1807.0,844.4674994508858,76.0,741.7528791723599,328.0,1752.6985144811372,456.0,873.4293594851364,671.0,950.4518541601745,210.0,438.68811364111133,66.0,460.0906239107703,0.0,0.0
16052,735.0,789.261744966443,24.0,615.8583525789069,131.0,1738.7841783912927,179.0,1087.0225299083015,280.0,939.1876027236441,90.0,338.0789602193757,31.0,352.55316729216423,,
16053,720.0,646.6504405306126,62.0,1157.796451914099,159.0,1666.1427224143351,157.0,469.28710207741744,254.0,766.3297631618645,45.0,201.7846733330344,39.0,516.967126193001,4.0,359.25024473922923
16054,313.0,850.7977928185055,11.0,871.6323296354992,52.0,2013.162988772745,81.0,1352.479545834029,115.0,971.8583622073861,42.0,358.79036391594053,11.0,322.0140515222482,1.0,271.8203810921743
16055,518.0,794.1374869687864,23.0,742.6541814659348,120.0,1995.6760352569434,116.0,740.1735579377233,189.0,889.0352321369772,52.0,361.68880851359813,14.0,291.06029106029104,4.0,613.2335806708776
16061,366.0,365.97804131752093,15.0,306.873977086743,50.0,522.6845076311938,81.0,448.7534626038781,158.0,447.528678657414,42.0,166.2049861495845,19.0,274.28901400317596,1.0,99.9940003599784
16062,484.0,580.2244173779611,29.0,826.9175933846592,108.0,1522.8426395939086,114.0,729.6,184.0,655.2006552006552,39.0,174.95850343187834,10.0,146.67057788207686,0.0,0.0
16063,923.0,775.799754568225,33.0,669.3711967545639,181.0,1769.30596285435,223.0,1125.0126122490162,332.0,777.9912827482776,94.0,294.11764705882354,58.0,619.7905535370805,2.0,168.10395548607258
16064,749.0,732.6473119962438,17.0,374.2844561867019,160.0,1724.6954834537028,176.0,987.5434855796207,277.0,774.2837176799441,97.0,362.3729826658697,21.0,260.934393638171,1.0,97.8167305735973
16065,476.0,641.4057025817928,14.0,499.46485907955764,65.0,1071.5463237718432,106.0,878.5015746726339,193.0,748.2360238815228,81.0,377.67519932857743,17.0,281.6434724983433,0.0,0.0
16066,910.0,728.4895449742227,35.0,704.3670758703964,137.0,1324.8235180350064,209.0,971.0542210658366,339.0,772.5439256170097,151.0,443.3352906635349,39.0,384.5395385525537,,
16067,950.0,704.1835917810656,22.0,384.81721182438343,155.0,1326.373438302242,206.0,848.6796028509043,410.0,855.5033907146583,127.0,361.90584748660666,28.0,274.1067058247675,2.0,148.24917721706646
16068,517.0,744.6670603655639,12.0,398.80358923230307,87.0,1397.3658849983938,123.0,1069.1003911342893,205.0,811.1423258022395,70.0,373.6122971818958,17.0,363.4031637451902,3.0,432.1085456666715
16069,664.0,1050.6827855752647,16.0,623.2956758862485,102.0,1941.7475728155339,138.0,1270.7182320441989,280.0,1220.149904131079,104.0,623.9500839932805,24.0,489.6959804121608,0.0,0.0
16070,1159.0,1090.8337960827866,42.0,939.1771019677997,209.0,2322.9965544070246,233.0,1130.5740210587608,452.0,1251.418920789612,170.0,612.1714079942384,52.0,627.8676648152621,1.0,94.11853288030946
16071,621.0,755.8790593505039,37.0,1000.2703433360367,145.0,1822.7529855436833,124.0,911.0278451252664,238.0,796.0931228257961,63.0,292.3840905926579,10.0,183.55359765051395,4.0,486.87862115974485
16072,482.0,835.1092399119843,19.0,935.0393700787401,81.0,1841.3275744487385,126.0,1338.0057343102899,181.0,884.1776171168971,57.0,353.26929036256587,16.0,304.00912027360823,2.0,346.518356809952
16073,1034.0,1001.9476932916017,29.0,727.36393278154,149.0,1855.0796812749004,215.0,1332.6721626479887,417.0,1173.061775627321,165.0,556.4736433847088,59.0,599.10641754671,,
16074,678.0,817.3598553345389,22.0,647.4396703943496,123.0,1689.5604395604396,138.0,1009.5098756400878,263.0,884.6878363832077,95.0,419.62984230752244,31.0,497.1932638331997,6.0,723.3273056057866
16075,709.0,882.8070524952684,10.0,313.38138514572233,101.0,1491.4353219137627,130.0,1002.313030069391,322.0,1134.52188006483,108.0,487.0788797185767,36.0,527.5498241500586,2.0,249.02878772786133
16076,548.0,562.6398899361383,14.0,388.5650846516792,67.0,850.1459205684558,122.0,871.3040994143694,215.0,635.4930243556396,88.0,305.30113794060503,40.0,432.152117545376,2.0,205.34302552413806
16077,528.0,590.6502746300046,15.0,456.4820450395618,90.0,1292.360712234348,115.0,862.4568771561422,200.0,654.6002029260629,69.0,259.3887447840307,31.0,358.17446562680533,8.0,894.9246585303099
