Landreis ID,weekly_cases,inzidenz,weekly_cases_A00-A04,inzidenz_A00-A04,weekly_cases_A05-A14,inzidenz_A05-A14,weekly_cases_A15-A34,inzidenz_A15-A34,weekly_cases_A35-A59,inzidenz_A35-A59,weekly_cases_A60-A79,inzidenz_A60-A79,weekly_cases_A80+,inzidenz_A80+,weekly_cases_unbekannt,inzidenz_unbekannt
1001,1.0,1.1090901024799251,0.0,0.0,0.0,0.0,1.0,3.698772007693446,0.0,0.0,0.0,0.0,0.0,0.0,0.0,0.0
1002,2.0,0.8103924730747101,1.0,8.823788934968675,0.0,0.0,0.0,0.0,0.0,0.0,1.0,2.175331738090058,0.0,0.0,0.0,0.0
1003,0.0,0.0,0.0,0.0,0.0,0.0,0.0,0.0,0.0,0.0,0.0,0.0,0.0,0.0,0.0,0.0
1004,0.0,0.0,0.0,0.0,0.0,0.0,0.0,0.0,0.0,0.0,0.0,0.0,0.0,0.0,0.0,0.0
1051,1.0,0.750790206692543,0.0,0.0,0.0,0.0,0.0,0.0,0.0,0.0,0.0,0.0,1.0,10.0999899000101,0.0,0.0
1053,1.0,0.5050020452582831,0.0,0.0,0.0,0.0,0.0,0.0,1.0,1.389873382534851,0.0,0.0,0.0,0.0,0.0,0.0
1054,0.0,0.0,0.0,0.0,0.0,0.0,0.0,0.0,0.0,0.0,0.0,0.0,0.0,0.0,0.0,0.0
1055,0.0,0.0,0.0,0.0,0.0,0.0,0.0,0.0,0.0,0.0,0.0,0.0,0.0,0.0,0.0,0.0
1056,2.0,0.6327051625577731,0.0,0.0,0.0,0.0,2.0,3.044696139325295,0.0,0.0,0.0,0.0,0.0,0.0,0.0,0.0
1057,1.0,0.7770853084251581,0.0,0.0,0.0,0.0,0.0,0.0,0.0,0.0,1.0,3.032600454890068,0.0,0.0,0.0,0.0
1058,3.0,1.094499047785828,0.0,0.0,0.0,0.0,0.0,0.0,0.0,0.0,2.0,3.089041624835894,1.0,5.158627805003869,0.0,0.0
1059,1.0,0.49712660820457705,0.0,0.0,0.0,0.0,0.0,0.0,0.0,0.0,0.0,0.0,1.0,6.943480072212193,0.0,0.0
1060,3.0,1.082348696671777,0.0,0.0,0.0,0.0,1.0,1.722415515518963,1.0,0.9868453514649711,0.0,0.0,1.0,5.467468562055768,0.0,0.0
1061,1.0,0.763283032981459,0.0,0.0,0.0,0.0,0.0,0.0,0.0,0.0,1.0,3.323473694705706,0.0,0.0,0.0,0.0
1062,1.0,0.409574206654761,0.0,0.0,0.0,0.0,0.0,0.0,0.0,0.0,1.0,1.839723305614835,0.0,0.0,0.0,0.0
2000,34.0,1.840570836804704,0.0,0.0,0.0,0.0,7.0,1.415954980722784,11.0,1.681828606375659,9.0,2.7565590791867542,7.0,6.498992656138299,0.0,0.0
3101,2.0,0.8019053270570871,1.0,8.919015340706386,0.0,0.0,0.0,0.0,0.0,0.0,1.0,2.005133140840552,0.0,0.0,0.0,0.0
3102,0.0,0.0,0.0,0.0,0.0,0.0,0.0,0.0,0.0,0.0,0.0,0.0,0.0,0.0,0.0,0.0
3103,0.0,0.0,0.0,0.0,0.0,0.0,0.0,0.0,0.0,0.0,0.0,0.0,0.0,0.0,,
3151,1.0,0.566498416636925,0.0,0.0,0.0,0.0,0.0,0.0,1.0,1.5626220798499881,0.0,0.0,0.0,0.0,0.0,0.0
3153,1.0,0.7337187802658991,1.0,20.26342451874367,0.0,0.0,0.0,0.0,0.0,0.0,0.0,0.0,0.0,0.0,0.0,0.0
3154,0.0,0.0,0.0,0.0,0.0,0.0,0.0,0.0,0.0,0.0,0.0,0.0,0.0,0.0,0.0,0.0
3155,0.0,0.0,0.0,0.0,0.0,0.0,0.0,0.0,0.0,0.0,0.0,0.0,0.0,0.0,0.0,0.0
3157,0.0,0.0,0.0,0.0,0.0,0.0,0.0,0.0,0.0,0.0,0.0,0.0,0.0,0.0,0.0,0.0
3158,1.0,0.835966628212201,0.0,0.0,0.0,0.0,0.0,0.0,0.0,0.0,1.0,3.508033396477934,0.0,0.0,0.0,0.0
3159,2.0,0.613419784628313,0.0,0.0,0.0,0.0,1.0,1.22034560187445,1.0,0.9412827801728191,0.0,0.0,0.0,0.0,0.0,0.0
3241,7.0,0.6049528352843061,0.0,0.0,0.0,0.0,3.0,1.071581654522074,0.0,0.0,3.0,1.256897223514033,1.0,1.249032000199845,0.0,0.0
3251,1.0,0.46064056677215304,0.0,0.0,0.0,0.0,0.0,0.0,0.0,0.0,1.0,2.037572843229145,0.0,0.0,0.0,0.0
3252,1.0,0.6731785471460591,0.0,0.0,0.0,0.0,0.0,0.0,1.0,1.983261274840347,0.0,0.0,0.0,0.0,0.0,0.0
3254,0.0,0.0,0.0,0.0,0.0,0.0,0.0,0.0,0.0,0.0,0.0,0.0,0.0,0.0,,
3255,0.0,0.0,0.0,0.0,0.0,0.0,0.0,0.0,0.0,0.0,0.0,0.0,0.0,0.0,0.0,0.0
3256,0.0,0.0,0.0,0.0,0.0,0.0,0.0,0.0,0.0,0.0,0.0,0.0,0.0,0.0,0.0,0.0
3257,0.0,0.0,0.0,0.0,0.0,0.0,0.0,0.0,0.0,0.0,0.0,0.0,0.0,0.0,,
3351,0.0,0.0,0.0,0.0,0.0,0.0,0.0,0.0,0.0,0.0,0.0,0.0,0.0,0.0,0.0,0.0
3352,0.0,0.0,0.0,0.0,0.0,0.0,0.0,0.0,0.0,0.0,0.0,0.0,0.0,0.0,0.0,0.0
3353,1.0,0.39303386772838206,0.0,0.0,0.0,0.0,1.0,1.9695119549375661,0.0,0.0,0.0,0.0,0.0,0.0,0.0,0.0
3354,0.0,0.0,0.0,0.0,0.0,0.0,0.0,0.0,0.0,0.0,0.0,0.0,0.0,0.0,0.0,0.0
3355,0.0,0.0,0.0,0.0,0.0,0.0,0.0,0.0,0.0,0.0,0.0,0.0,0.0,0.0,0.0,0.0
3356,1.0,0.8777473492030051,0.0,0.0,0.0,0.0,1.0,4.559755597099995,0.0,0.0,0.0,0.0,0.0,0.0,,
3357,0.0,0.0,0.0,0.0,0.0,0.0,0.0,0.0,0.0,0.0,0.0,0.0,0.0,0.0,0.0,0.0
3358,0.0,0.0,0.0,0.0,0.0,0.0,0.0,0.0,0.0,0.0,0.0,0.0,0.0,0.0,0.0,0.0
3359,1.0,0.48896886246283805,0.0,0.0,0.0,0.0,1.0,2.196788295511961,0.0,0.0,0.0,0.0,0.0,0.0,0.0,0.0
3360,0.0,0.0,0.0,0.0,0.0,0.0,0.0,0.0,0.0,0.0,0.0,0.0,0.0,0.0,0.0,0.0
3361,0.0,0.0,0.0,0.0,0.0,0.0,0.0,0.0,0.0,0.0,0.0,0.0,0.0,0.0,0.0,0.0
3401,0.0,0.0,0.0,0.0,0.0,0.0,0.0,0.0,0.0,0.0,0.0,0.0,0.0,0.0,0.0,0.0
3402,0.0,0.0,0.0,0.0,0.0,0.0,0.0,0.0,0.0,0.0,0.0,0.0,0.0,0.0,0.0,0.0
3403,0.0,0.0,0.0,0.0,0.0,0.0,0.0,0.0,0.0,0.0,0.0,0.0,0.0,0.0,,
3404,1.0,0.6051400596668091,0.0,0.0,0.0,0.0,0.0,0.0,0.0,0.0,1.0,3.331778503365096,0.0,0.0,0.0,0.0
3405,0.0,0.0,0.0,0.0,0.0,0.0,0.0,0.0,0.0,0.0,0.0,0.0,0.0,0.0,0.0,0.0
3451,0.0,0.0,0.0,0.0,0.0,0.0,0.0,0.0,0.0,0.0,0.0,0.0,0.0,0.0,0.0,0.0
3452,0.0,0.0,0.0,0.0,0.0,0.0,0.0,0.0,0.0,0.0,0.0,0.0,0.0,0.0,,
3453,0.0,0.0,0.0,0.0,0.0,0.0,0.0,0.0,0.0,0.0,0.0,0.0,0.0,0.0,0.0,0.0
3454,2.0,0.6117068456113091,0.0,0.0,0.0,0.0,0.0,0.0,0.0,0.0,1.0,1.4969163523142321,1.0,5.472255663784612,0.0,0.0
3455,0.0,0.0,0.0,0.0,0.0,0.0,0.0,0.0,0.0,0.0,0.0,0.0,0.0,0.0,,
3456,0.0,0.0,0.0,0.0,0.0,0.0,0.0,0.0,0.0,0.0,0.0,0.0,0.0,0.0,0.0,0.0
3457,1.0,0.585630958795005,0.0,0.0,0.0,0.0,0.0,0.0,1.0,1.685828922080987,0.0,0.0,0.0,0.0,0.0,0.0
3458,3.0,2.292000916800366,0.0,0.0,0.0,0.0,0.0,0.0,3.0,6.302388605281401,0.0,0.0,0.0,0.0,0.0,0.0
3459,1.0,0.27926720285969603,0.0,0.0,0.0,0.0,0.0,0.0,0.0,0.0,1.0,1.316777056476568,0.0,0.0,0.0,0.0
3460,1.0,0.7002114638620861,0.0,0.0,0.0,0.0,0.0,0.0,1.0,2.014260967650969,0.0,0.0,0.0,0.0,0.0,0.0
3461,0.0,0.0,0.0,0.0,0.0,0.0,0.0,0.0,0.0,0.0,0.0,0.0,0.0,0.0,,
3462,0.0,0.0,0.0,0.0,0.0,0.0,0.0,0.0,0.0,0.0,0.0,0.0,0.0,0.0,0.0,0.0
4011,4.0,0.7047725434712511,0.0,0.0,0.0,0.0,0.0,0.0,0.0,0.0,2.0,1.731361889262093,2.0,5.257761770814165,0.0,0.0
4012,0.0,0.0,0.0,0.0,0.0,0.0,0.0,0.0,0.0,0.0,0.0,0.0,0.0,0.0,0.0,0.0
5111,10.0,1.6080350294350811,2.0,6.368007132167988,1.0,1.8487363886783381,1.0,0.6218944147662611,1.0,0.45340575734630606,3.0,2.586206896551724,2.0,5.124657288543829,0.0,0.0
5112,6.0,1.203161909498161,2.0,7.78089013383131,0.0,0.0,0.0,0.0,0.0,0.0,0.0,0.0,4.0,11.6941967548604,0.0,0.0
5113,0.0,0.0,0.0,0.0,0.0,0.0,0.0,0.0,0.0,0.0,0.0,0.0,0.0,0.0,0.0,0.0
5114,0.0,0.0,0.0,0.0,0.0,0.0,0.0,0.0,0.0,0.0,0.0,0.0,0.0,0.0,0.0,0.0
5116,0.0,0.0,0.0,0.0,0.0,0.0,0.0,0.0,0.0,0.0,0.0,0.0,0.0,0.0,0.0,0.0
5117,4.0,2.344226170940972,0.0,0.0,0.0,0.0,0.0,0.0,1.0,1.7217334412286291,1.0,2.573141548516584,2.0,14.582573824279985,0.0,0.0
5119,1.0,0.474464329771687,0.0,0.0,0.0,0.0,0.0,0.0,1.0,1.370125777546378,0.0,0.0,0.0,0.0,0.0,0.0
5120,0.0,0.0,0.0,0.0,0.0,0.0,0.0,0.0,0.0,0.0,0.0,0.0,0.0,0.0,0.0,0.0
5122,1.0,0.6279632013564,0.0,0.0,0.0,0.0,0.0,0.0,0.0,0.0,1.0,2.9921306962688132,0.0,0.0,0.0,0.0
5124,2.0,0.563221627710504,0.0,0.0,0.0,0.0,0.0,0.0,0.0,0.0,1.0,1.376557230366852,1.0,4.164237528108603,0.0,0.0
5154,6.0,1.9202150640871771,1.0,6.922331441229406,0.0,0.0,0.0,0.0,0.0,0.0,1.0,1.4699829481978,4.0,20.4981039253869,0.0,0.0
5158,9.0,1.853491772555965,2.0,8.707767328456983,0.0,0.0,0.0,0.0,4.0,2.346564043599159,3.0,2.677471752673009,0.0,0.0,0.0,0.0
5162,4.0,0.8854846921833831,0.0,0.0,0.0,0.0,1.0,1.08006523594025,1.0,0.614141215631122,1.0,1.003230401894099,1.0,3.162855425878483,0.0,0.0
5166,0.0,0.0,0.0,0.0,0.0,0.0,0.0,0.0,0.0,0.0,0.0,0.0,0.0,0.0,0.0,0.0
5170,2.0,0.43480529418926206,0.0,0.0,1.0,2.533056385835148,1.0,1.053352293674619,0.0,0.0,0.0,0.0,0.0,0.0,0.0,0.0
5314,12.0,3.639970516238818,0.0,0.0,0.0,0.0,0.0,0.0,0.0,0.0,3.0,5.123038303249713,9.0,45.71544674150454,0.0,0.0
5315,19.0,1.7465434526222512,0.0,0.0,0.0,0.0,3.0,0.9839807926949261,0.0,0.0,11.0,5.794261574037494,5.0,8.551247627028783,0.0,0.0
5316,4.0,2.4430614002406412,0.0,0.0,0.0,0.0,0.0,0.0,2.0,3.4667452462255812,0.0,0.0,2.0,16.186468112657817,0.0,0.0
5334,3.0,0.538574501010724,0.0,0.0,0.0,0.0,1.0,0.636095897817554,0.0,0.0,0.0,0.0,2.0,5.592372004585745,0.0,0.0
5358,1.0,0.37787468164058,0.0,0.0,0.0,0.0,0.0,0.0,0.0,0.0,0.0,0.0,1.0,5.851032707272834,0.0,0.0
5362,4.0,0.8499516589993941,0.0,0.0,0.0,0.0,1.0,0.987644566473417,1.0,0.5948203047859241,2.0,1.9479128114225601,0.0,0.0,0.0,0.0
5366,1.0,0.516379559631511,0.0,0.0,0.0,0.0,0.0,0.0,1.0,1.452686016444405,0.0,0.0,0.0,0.0,0.0,0.0
5370,1.0,0.391305198489561,0.0,0.0,0.0,0.0,0.0,0.0,0.0,0.0,1.0,1.767284037890569,0.0,0.0,0.0,0.0
5374,3.0,1.1027100938406291,1.0,7.388252678241596,0.0,0.0,0.0,0.0,1.0,1.056490549692033,1.0,1.6875928176049682,0.0,0.0,0.0,0.0
5378,1.0,0.353018840615523,0.0,0.0,0.0,0.0,0.0,0.0,1.0,0.985425556026369,0.0,0.0,0.0,0.0,0.0,0.0
5382,5.0,0.832273571652096,1.0,3.455663833022323,0.0,0.0,1.0,0.775422217397372,0.0,0.0,1.0,0.7552756000664641,1.0,2.515343595935205,1.0,16.645471433041926
5512,1.0,0.850593288818951,0.0,0.0,0.0,0.0,0.0,0.0,0.0,0.0,0.0,0.0,1.0,11.99616122840691,0.0,0.0
5513,6.0,2.310847503321843,0.0,0.0,0.0,0.0,1.0,1.618384851917786,2.0,2.285557561767193,1.0,1.8328781685881341,2.0,11.710973181871413,0.0,0.0
5515,4.0,1.268661213537883,0.0,0.0,0.0,0.0,0.0,0.0,1.0,0.9961548423086881,0.0,0.0,3.0,16.409583196586805,0.0,0.0
5554,5.0,1.34647855463606,1.0,5.2356020942408374,0.0,0.0,0.0,0.0,3.0,2.278163799977218,1.0,1.347872383442735,0.0,0.0,0.0,0.0
5558,1.0,0.453337927157661,0.0,0.0,0.0,0.0,0.0,0.0,0.0,0.0,1.0,2.047627823166861,0.0,0.0,0.0,0.0
5562,5.0,0.8141505885494601,1.0,3.498460677301987,0.0,0.0,0.0,0.0,1.0,0.468070566318578,1.0,0.693120776295269,2.0,4.5094811841897595,0.0,0.0
5566,0.0,0.0,0.0,0.0,0.0,0.0,0.0,0.0,0.0,0.0,0.0,0.0,0.0,0.0,0.0,0.0
5570,2.0,0.719838756118629,0.0,0.0,0.0,0.0,0.0,0.0,1.0,1.022944648465071,0.0,0.0,1.0,5.244388504300399,0.0,0.0
5711,3.0,0.8976794984963861,0.0,0.0,0.0,0.0,2.0,2.24969347926345,0.0,0.0,0.0,0.0,1.0,4.3211476968282785,0.0,0.0
5754,3.0,0.822057445374282,0.0,0.0,0.0,0.0,0.0,0.0,0.0,0.0,2.0,2.745103421771415,1.0,4.235134677282738,0.0,0.0
5758,0.0,0.0,0.0,0.0,0.0,0.0,0.0,0.0,0.0,0.0,0.0,0.0,0.0,0.0,0.0,0.0
5762,0.0,0.0,0.0,0.0,0.0,0.0,0.0,0.0,0.0,0.0,0.0,0.0,0.0,0.0,0.0,0.0
5766,1.0,0.28775819103690703,0.0,0.0,0.0,0.0,0.0,0.0,0.0,0.0,1.0,1.3009991673605321,0.0,0.0,0.0,0.0
5770,1.0,0.322155607601583,0.0,0.0,0.0,0.0,0.0,0.0,0.0,0.0,1.0,1.473231385721441,0.0,0.0,0.0,0.0
5774,1.0,0.32484513008423205,0.0,0.0,0.0,0.0,0.0,0.0,0.0,0.0,1.0,1.669114701562291,0.0,0.0,0.0,0.0
5911,3.0,0.820598106606635,1.0,6.200781298443604,0.0,0.0,2.0,2.10821465841652,0.0,0.0,0.0,0.0,0.0,0.0,0.0,0.0
5913,3.0,0.509987250318742,0.0,0.0,0.0,0.0,0.0,0.0,1.0,0.502985217264464,1.0,0.8387010198604401,1.0,2.568449170390918,0.0,0.0
5914,2.0,1.059962053358489,0.0,0.0,0.0,0.0,1.0,2.306645445528568,1.0,1.579005542309453,0.0,0.0,0.0,0.0,,
5915,2.0,1.111629871717912,0.0,0.0,0.0,0.0,1.0,2.320347123929739,0.0,0.0,0.0,0.0,1.0,8.419634587858887,0.0,0.0
5916,5.0,3.195929663979955,1.0,13.555645926528399,0.0,0.0,1.0,2.725835468571117,1.0,1.85649308456326,1.0,2.953773445576724,1.0,9.070294784580499,0.0,0.0
5954,7.0,2.159787230103731,0.0,0.0,0.0,0.0,0.0,0.0,2.0,1.7707890636067432,3.0,3.910374222813123,2.0,8.12842918106076,0.0,0.0
5958,0.0,0.0,0.0,0.0,0.0,0.0,0.0,0.0,0.0,0.0,0.0,0.0,0.0,0.0,0.0,0.0
5962,1.0,0.24377044624617802,0.0,0.0,0.0,0.0,0.0,0.0,1.0,0.697102146377508,0.0,0.0,0.0,0.0,0.0,0.0
5966,0.0,0.0,0.0,0.0,0.0,0.0,0.0,0.0,0.0,0.0,0.0,0.0,0.0,0.0,0.0,0.0
5970,0.0,0.0,0.0,0.0,0.0,0.0,0.0,0.0,0.0,0.0,0.0,0.0,0.0,0.0,0.0,0.0
5974,3.0,0.994085193101048,1.0,7.086669973779321,0.0,0.0,0.0,0.0,1.0,0.940300331926017,1.0,1.515472979116782,0.0,0.0,,
5978,2.0,0.506468873689195,0.0,0.0,0.0,0.0,0.0,0.0,0.0,0.0,2.0,2.173747649635354,0.0,0.0,0.0,0.0
6411,5.0,3.12738463078097,2.0,25.380710659898476,0.0,0.0,2.0,3.841278377444013,0.0,0.0,0.0,0.0,1.0,11.554015020219527,0.0,0.0
6412,5.0,0.6549817915061961,0.0,0.0,0.0,0.0,1.0,0.46585948746139105,1.0,0.356322043863243,2.0,1.640110543450628,1.0,2.835833593284746,0.0,0.0
6413,0.0,0.0,0.0,0.0,0.0,0.0,0.0,0.0,0.0,0.0,0.0,0.0,0.0,0.0,0.0,0.0
6414,2.0,0.718199903761212,0.0,0.0,0.0,0.0,0.0,0.0,1.0,1.029940366452782,0.0,0.0,1.0,5.653230821414438,0.0,0.0
6431,2.0,0.739809129244654,0.0,0.0,0.0,0.0,1.0,1.755772100781318,0.0,0.0,1.0,1.6082858888996099,0.0,0.0,0.0,0.0
6432,2.0,0.671492459139683,0.0,0.0,0.0,0.0,0.0,0.0,0.0,0.0,1.0,1.540737088623197,1.0,5.5561729081009,0.0,0.0
6433,8.0,2.901431130905319,0.0,0.0,0.0,0.0,1.0,1.5332720024532351,0.0,0.0,4.0,7.411250277921885,3.0,18.669487833717096,0.0,0.0
6434,2.0,0.8441881864305191,0.0,0.0,0.0,0.0,0.0,0.0,0.0,0.0,1.0,1.9490137990176972,1.0,5.680527152919791,,
6435,13.0,3.091175407559588,3.0,14.859576997374807,0.0,0.0,3.0,3.2527024536218843,2.0,1.337291716815106,3.0,3.22754168908015,2.0,7.355374940237579,0.0,0.0
6436,4.0,1.676741086025201,0.0,0.0,0.0,0.0,1.0,2.043067870714665,1.0,1.131285706205102,0.0,0.0,2.0,12.394645513138324,0.0,0.0
6437,1.0,1.034094081879569,0.0,0.0,0.0,0.0,0.0,0.0,1.0,2.993922337654561,0.0,0.0,0.0,0.0,0.0,0.0
6438,0.0,0.0,0.0,0.0,0.0,0.0,0.0,0.0,0.0,0.0,0.0,0.0,0.0,0.0,0.0,0.0
6439,1.0,0.534302201325069,0.0,0.0,0.0,0.0,0.0,0.0,1.0,1.4813498059431751,0.0,0.0,0.0,0.0,0.0,0.0
6440,1.0,0.32431836387871704,0.0,0.0,0.0,0.0,0.0,0.0,0.0,0.0,1.0,1.49902563333833,0.0,0.0,0.0,0.0
6531,1.0,0.36942901052133803,0.0,0.0,0.0,0.0,0.0,0.0,0.0,0.0,0.0,0.0,1.0,6.184674376894057,0.0,0.0
6532,0.0,0.0,0.0,0.0,0.0,0.0,0.0,0.0,0.0,0.0,0.0,0.0,0.0,0.0,,
6533,4.0,2.326771836753688,0.0,0.0,0.0,0.0,0.0,0.0,0.0,0.0,3.0,7.785938594897614,1.0,8.75733426744899,0.0,0.0
6534,2.0,0.8094413235984521,0.0,0.0,0.0,0.0,0.0,0.0,0.0,0.0,2.0,4.038527552854229,0.0,0.0,0.0,0.0
6535,0.0,0.0,0.0,0.0,0.0,0.0,0.0,0.0,0.0,0.0,0.0,0.0,0.0,0.0,0.0,0.0
6611,0.0,0.0,0.0,0.0,0.0,0.0,0.0,0.0,0.0,0.0,0.0,0.0,0.0,0.0,0.0,0.0
6631,5.0,2.24069551188689,0.0,0.0,0.0,0.0,1.0,1.882884579175296,0.0,0.0,3.0,6.413682522715126,1.0,6.261348694508797,0.0,0.0
6632,0.0,0.0,0.0,0.0,0.0,0.0,0.0,0.0,0.0,0.0,0.0,0.0,0.0,0.0,0.0,0.0
6633,1.0,0.42236150766163705,0.0,0.0,0.0,0.0,0.0,0.0,0.0,0.0,1.0,1.705262439889499,0.0,0.0,0.0,0.0
6634,2.0,1.113133303278734,0.0,0.0,0.0,0.0,1.0,2.69092083310909,0.0,0.0,1.0,2.346646641948655,0.0,0.0,0.0,0.0
6635,2.0,1.278723322634681,1.0,14.475969889982629,0.0,0.0,0.0,0.0,0.0,0.0,1.0,2.732389748073665,0.0,0.0,0.0,0.0
6636,0.0,0.0,0.0,0.0,0.0,0.0,0.0,0.0,0.0,0.0,0.0,0.0,0.0,0.0,0.0,0.0
7111,2.0,1.7535860835408412,0.0,0.0,0.0,0.0,0.0,0.0,1.0,2.797281042826372,1.0,4.30070531567177,0.0,0.0,0.0,0.0
7131,2.0,1.537444459818889,0.0,0.0,0.0,0.0,0.0,0.0,0.0,0.0,0.0,0.0,2.0,19.01863826550019,0.0,0.0
7132,0.0,0.0,0.0,0.0,0.0,0.0,0.0,0.0,0.0,0.0,0.0,0.0,0.0,0.0,0.0,0.0
7133,1.0,0.6315324134011171,0.0,0.0,0.0,0.0,0.0,0.0,0.0,0.0,1.0,2.642496630816795,0.0,0.0,0.0,0.0
7134,0.0,0.0,0.0,0.0,0.0,0.0,0.0,0.0,0.0,0.0,0.0,0.0,0.0,0.0,0.0,0.0
7135,0.0,0.0,0.0,0.0,0.0,0.0,0.0,0.0,0.0,0.0,0.0,0.0,0.0,0.0,0.0,0.0
7137,4.0,1.8653758265946632,0.0,0.0,0.0,0.0,1.0,2.150491387281993,0.0,0.0,1.0,2.050314723310028,1.0,6.780580417683754,1.0,46.634395664866574
7138,2.0,1.094026070641263,0.0,0.0,0.0,0.0,0.0,0.0,0.0,0.0,1.0,2.4042507152645882,1.0,7.702380035430948,0.0,0.0
7140,0.0,0.0,0.0,0.0,0.0,0.0,0.0,0.0,0.0,0.0,0.0,0.0,0.0,0.0,0.0,0.0
7141,8.0,6.541452365961552,0.0,0.0,0.0,0.0,0.0,0.0,2.0,4.655276756203156,5.0,16.990621177110235,1.0,11.354604292040422,0.0,0.0
7143,0.0,0.0,0.0,0.0,0.0,0.0,0.0,0.0,0.0,0.0,0.0,0.0,0.0,0.0,0.0,0.0
7211,2.0,1.793271644788752,0.0,0.0,0.0,0.0,1.0,2.769929643787048,0.0,0.0,0.0,0.0,1.0,15.037593984962406,0.0,0.0
7231,0.0,0.0,0.0,0.0,0.0,0.0,0.0,0.0,0.0,0.0,0.0,0.0,0.0,0.0,0.0,0.0
7232,0.0,0.0,0.0,0.0,0.0,0.0,0.0,0.0,0.0,0.0,0.0,0.0,0.0,0.0,0.0,0.0
7233,1.0,1.6489133660917452,0.0,0.0,0.0,0.0,0.0,0.0,0.0,0.0,0.0,0.0,1.0,21.20441051738762,0.0,0.0
7235,2.0,1.338706006773852,0.0,0.0,0.0,0.0,1.0,3.244225279003374,0.0,0.0,0.0,0.0,1.0,10.143016533116949,0.0,0.0
7311,0.0,0.0,0.0,0.0,0.0,0.0,0.0,0.0,0.0,0.0,0.0,0.0,0.0,0.0,0.0,0.0
7312,0.0,0.0,0.0,0.0,0.0,0.0,0.0,0.0,0.0,0.0,0.0,0.0,0.0,0.0,0.0,0.0
7313,1.0,2.133060301614726,0.0,0.0,0.0,0.0,0.0,0.0,0.0,0.0,1.0,10.874293170943888,0.0,0.0,,
7314,1.0,0.58054141292169,1.0,10.370216737529814,0.0,0.0,0.0,0.0,0.0,0.0,0.0,0.0,0.0,0.0,0.0,0.0
7315,3.0,1.372507754668813,0.0,0.0,0.0,0.0,2.0,2.8223871750726763,0.0,0.0,1.0,2.651605547158804,0.0,0.0,0.0,0.0
7316,1.0,1.877440672874737,1.0,39.904229848363926,0.0,0.0,0.0,0.0,0.0,0.0,0.0,0.0,0.0,0.0,0.0,0.0
7317,1.0,2.485645397827546,1.0,56.17977528089887,0.0,0.0,0.0,0.0,0.0,0.0,0.0,0.0,0.0,0.0,0.0,0.0
7318,0.0,0.0,0.0,0.0,0.0,0.0,0.0,0.0,0.0,0.0,0.0,0.0,0.0,0.0,0.0,0.0
7319,2.0,2.394005410452227,0.0,0.0,0.0,0.0,1.0,4.897399480875655,0.0,0.0,1.0,5.697031846408022,0.0,0.0,0.0,0.0
7320,0.0,0.0,0.0,0.0,0.0,0.0,0.0,0.0,0.0,0.0,0.0,0.0,0.0,0.0,0.0,0.0
7331,0.0,0.0,0.0,0.0,0.0,0.0,0.0,0.0,0.0,0.0,0.0,0.0,0.0,0.0,0.0,0.0
7332,2.0,1.50748844886976,1.0,17.349063150589867,0.0,0.0,0.0,0.0,1.0,2.112646300756327,0.0,0.0,0.0,0.0,0.0,0.0
7333,0.0,0.0,0.0,0.0,0.0,0.0,0.0,0.0,0.0,0.0,0.0,0.0,0.0,0.0,0.0,0.0
7334,0.0,0.0,0.0,0.0,0.0,0.0,0.0,0.0,0.0,0.0,0.0,0.0,0.0,0.0,0.0,0.0
7335,0.0,0.0,0.0,0.0,0.0,0.0,0.0,0.0,0.0,0.0,0.0,0.0,0.0,0.0,0.0,0.0
7336,0.0,0.0,0.0,0.0,0.0,0.0,0.0,0.0,0.0,0.0,0.0,0.0,0.0,0.0,0.0,0.0
7337,1.0,0.9048054215940861,0.0,0.0,0.0,0.0,0.0,0.0,0.0,0.0,0.0,0.0,0.0,0.0,1.0,90.48054215940861
7338,2.0,1.2935857550336651,0.0,0.0,0.0,0.0,1.0,3.241491085899513,0.0,0.0,1.0,2.816346072605402,0.0,0.0,0.0,0.0
7339,0.0,0.0,0.0,0.0,0.0,0.0,0.0,0.0,0.0,0.0,0.0,0.0,0.0,0.0,0.0,0.0
7340,1.0,1.054507492275732,0.0,0.0,1.0,13.62954886193267,0.0,0.0,0.0,0.0,0.0,0.0,0.0,0.0,0.0,0.0
8111,4.0,0.629018840686825,0.0,0.0,0.0,0.0,2.0,1.073105298457411,0.0,0.0,1.0,0.9247101033825891,1.0,2.605931099181737,0.0,0.0
8115,7.0,1.782045635642949,0.0,0.0,1.0,2.644872913856489,1.0,1.091452832865827,0.0,0.0,1.0,1.27346356620737,4.0,16.086869093102756,0.0,0.0
8116,3.0,0.560722509644427,0.0,0.0,0.0,0.0,0.0,0.0,0.0,0.0,2.0,1.852864064627898,1.0,2.818171570285199,0.0,0.0
8117,0.0,0.0,0.0,0.0,0.0,0.0,0.0,0.0,0.0,0.0,0.0,0.0,0.0,0.0,0.0,0.0
8118,1.0,0.18334393672434002,0.0,0.0,0.0,0.0,0.0,0.0,0.0,0.0,1.0,0.9214212000589711,0.0,0.0,,
8119,5.0,1.170280492828521,0.0,0.0,0.0,0.0,0.0,0.0,0.0,0.0,2.0,2.236611086881157,3.0,10.287360263356423,0.0,0.0
8121,0.0,0.0,0.0,0.0,0.0,0.0,0.0,0.0,0.0,0.0,0.0,0.0,0.0,0.0,0.0,0.0
8125,3.0,0.8709385233527641,0.0,0.0,0.0,0.0,2.0,2.502126807786618,0.0,0.0,0.0,0.0,1.0,4.923440500221555,0.0,0.0
8126,0.0,0.0,0.0,0.0,0.0,0.0,0.0,0.0,0.0,0.0,0.0,0.0,0.0,0.0,0.0,0.0
8127,1.0,0.508230797769883,0.0,0.0,0.0,0.0,0.0,0.0,1.0,1.451779155354887,0.0,0.0,0.0,0.0,0.0,0.0
8128,1.0,0.7552927136911911,0.0,0.0,0.0,0.0,1.0,3.445068384607434,0.0,0.0,0.0,0.0,0.0,0.0,0.0,0.0
8135,0.0,0.0,0.0,0.0,0.0,0.0,0.0,0.0,0.0,0.0,0.0,0.0,0.0,0.0,0.0,0.0
8136,3.0,0.9553379508000951,0.0,0.0,0.0,0.0,0.0,0.0,2.0,1.8359235154263471,0.0,0.0,1.0,4.87757291971515,0.0,0.0
8211,0.0,0.0,0.0,0.0,0.0,0.0,0.0,0.0,0.0,0.0,0.0,0.0,0.0,0.0,,
8212,2.0,0.640902390565916,0.0,0.0,0.0,0.0,0.0,0.0,2.0,1.9382098693646541,0.0,0.0,0.0,0.0,0.0,0.0
8215,2.0,0.44933621807185303,0.0,0.0,0.0,0.0,0.0,0.0,1.0,0.6262211312058511,1.0,1.038162866990573,0.0,0.0,0.0,0.0
8216,0.0,0.0,0.0,0.0,0.0,0.0,0.0,0.0,0.0,0.0,0.0,0.0,0.0,0.0,0.0,0.0
8221,2.0,1.238505124314951,0.0,0.0,0.0,0.0,0.0,0.0,0.0,0.0,1.0,3.832298612707902,1.0,11.637379262190155,0.0,0.0
8222,4.0,1.2875895679493201,1.0,6.663113006396588,0.0,0.0,0.0,0.0,2.0,1.903746573256168,1.0,1.767565178965974,0.0,0.0,0.0,0.0
8225,3.0,2.088656506513127,0.0,0.0,0.0,0.0,0.0,0.0,0.0,0.0,1.0,3.067014261616316,2.0,20.624935547076415,0.0,0.0
8226,3.0,0.547090844434718,0.0,0.0,0.0,0.0,0.0,0.0,1.0,0.512331827077761,2.0,1.663298487230025,0.0,0.0,0.0,0.0
8231,0.0,0.0,0.0,0.0,0.0,0.0,0.0,0.0,0.0,0.0,0.0,0.0,0.0,0.0,0.0,0.0
8235,0.0,0.0,0.0,0.0,0.0,0.0,0.0,0.0,0.0,0.0,0.0,0.0,0.0,0.0,0.0,0.0
8236,0.0,0.0,0.0,0.0,0.0,0.0,0.0,0.0,0.0,0.0,0.0,0.0,0.0,0.0,0.0,0.0
8237,1.0,0.8457160254729661,0.0,0.0,0.0,0.0,0.0,0.0,1.0,2.403499495265106,0.0,0.0,0.0,0.0,0.0,0.0
8311,5.0,2.162676528471636,0.0,0.0,0.0,0.0,1.0,1.318252524453584,2.0,2.726132708140232,0.0,0.0,2.0,16.371971185330715,0.0,0.0
8315,2.0,0.7587224631166041,0.0,0.0,0.0,0.0,0.0,0.0,0.0,0.0,2.0,3.414425949637217,0.0,0.0,0.0,0.0
8316,2.0,1.201865294937743,0.0,0.0,0.0,0.0,0.0,0.0,0.0,0.0,0.0,0.0,2.0,18.615040953090098,0.0,0.0
8317,0.0,0.0,0.0,0.0,0.0,0.0,0.0,0.0,0.0,0.0,0.0,0.0,0.0,0.0,0.0,0.0
8325,0.0,0.0,0.0,0.0,0.0,0.0,0.0,0.0,0.0,0.0,0.0,0.0,0.0,0.0,0.0,0.0
8326,0.0,0.0,0.0,0.0,0.0,0.0,0.0,0.0,0.0,0.0,0.0,0.0,0.0,0.0,0.0,0.0
8327,1.0,0.710398817896367,0.0,0.0,0.0,0.0,0.0,0.0,0.0,0.0,1.0,3.58320194926186,0.0,0.0,0.0,0.0
8335,4.0,1.397111472031574,0.0,0.0,0.0,0.0,1.0,1.378036848705334,1.0,1.041992289257059,1.0,1.688248104941502,1.0,5.134524543027315,0.0,0.0
8336,3.0,1.311555679910464,0.0,0.0,0.0,0.0,0.0,0.0,1.0,1.2306177701206,2.0,4.192256901502924,0.0,0.0,0.0,0.0
8337,2.0,1.169570124500739,1.0,11.943150603129105,0.0,0.0,0.0,0.0,1.0,1.699148726488029,0.0,0.0,0.0,0.0,0.0,0.0
8415,3.0,1.045172348920337,0.0,0.0,0.0,0.0,0.0,0.0,1.0,0.9962044610035761,2.0,3.368874964205703,0.0,0.0,0.0,0.0
8416,3.0,1.311888332065174,0.0,0.0,0.0,0.0,0.0,0.0,1.0,1.338885244145724,1.0,2.370454653202484,1.0,8.046994447573832,0.0,0.0
8417,0.0,0.0,0.0,0.0,0.0,0.0,0.0,0.0,0.0,0.0,0.0,0.0,0.0,0.0,,
8421,3.0,2.366117201672056,0.0,0.0,0.0,0.0,0.0,0.0,3.0,7.228741476109009,0.0,0.0,0.0,0.0,0.0,0.0
8425,4.0,2.029673831415291,0.0,0.0,0.0,0.0,1.0,2.160480490861167,0.0,0.0,1.0,2.530300346651147,2.0,16.451427161306242,0.0,0.0
8426,6.0,2.980892479208275,0.0,0.0,1.0,4.951965930474398,1.0,2.088860109038497,1.0,1.41013889868152,0.0,0.0,3.0,25.558016697904243,0.0,0.0
8435,4.0,1.839334161033705,0.0,0.0,0.0,0.0,0.0,0.0,1.0,1.334294025031356,2.0,4.075727007805018,1.0,6.595870984763538,0.0,0.0
8436,0.0,0.0,0.0,0.0,0.0,0.0,0.0,0.0,0.0,0.0,0.0,0.0,0.0,0.0,,
8437,1.0,0.764239696138296,1.0,15.867978419549349,0.0,0.0,0.0,0.0,0.0,0.0,0.0,0.0,0.0,0.0,0.0,0.0
9161,6.0,4.367066495865844,0.0,0.0,1.0,8.20411846747067,1.0,2.706652952958372,0.0,0.0,0.0,0.0,4.0,49.170251997541484,0.0,0.0
9162,55.0,3.705635125647981,7.0,8.828462964597863,1.0,0.810011745170304,12.0,2.800466744457409,13.0,2.495642224730662,10.0,3.958436417615042,11.0,13.845359916424373,1.0,6.737518410269056
9163,0.0,0.0,0.0,0.0,0.0,0.0,0.0,0.0,0.0,0.0,0.0,0.0,0.0,0.0,,
9171,1.0,0.8967323074715731,0.0,0.0,0.0,0.0,0.0,0.0,1.0,2.575593674341935,0.0,0.0,0.0,0.0,0.0,0.0
9172,2.0,1.888057094846548,0.0,0.0,0.0,0.0,0.0,0.0,2.0,5.5572536052682775,0.0,0.0,0.0,0.0,0.0,0.0
9173,0.0,0.0,0.0,0.0,0.0,0.0,0.0,0.0,0.0,0.0,0.0,0.0,0.0,0.0,0.0,0.0
9174,0.0,0.0,0.0,0.0,0.0,0.0,0.0,0.0,0.0,0.0,0.0,0.0,0.0,0.0,0.0,0.0
9175,1.0,0.696141288835982,0.0,0.0,0.0,0.0,1.0,3.130576339104029,0.0,0.0,0.0,0.0,0.0,0.0,,
9176,4.0,3.010212144700897,0.0,0.0,0.0,0.0,0.0,0.0,1.0,2.089907835064473,1.0,4.001440518586691,2.0,27.333606669400027,,
9177,0.0,0.0,0.0,0.0,0.0,0.0,0.0,0.0,0.0,0.0,0.0,0.0,0.0,0.0,0.0,0.0
9178,0.0,0.0,0.0,0.0,0.0,0.0,0.0,0.0,0.0,0.0,0.0,0.0,0.0,0.0,0.0,0.0
9179,4.0,1.8238939223294772,0.0,0.0,0.0,0.0,0.0,0.0,2.0,2.538296549185841,2.0,4.35976806033919,0.0,0.0,0.0,0.0
9180,2.0,2.261829367592509,1.0,25.35496957403651,0.0,0.0,0.0,0.0,0.0,0.0,1.0,4.809773459670049,0.0,0.0,0.0,0.0
9181,1.0,0.8312413758707251,0.0,0.0,0.0,0.0,0.0,0.0,0.0,0.0,0.0,0.0,1.0,13.993842709207948,0.0,0.0
9182,0.0,0.0,0.0,0.0,0.0,0.0,0.0,0.0,0.0,0.0,0.0,0.0,0.0,0.0,0.0,0.0
9183,0.0,0.0,0.0,0.0,0.0,0.0,0.0,0.0,0.0,0.0,0.0,0.0,0.0,0.0,0.0,0.0
9184,18.0,5.135916318803446,2.0,11.613727425817316,0.0,0.0,5.0,6.323990691085703,8.0,6.297179650663959,1.0,1.463614542474094,2.0,8.758868354208635,0.0,0.0
9185,1.0,1.027717542110726,0.0,0.0,0.0,0.0,0.0,0.0,0.0,0.0,1.0,5.041847332862761,0.0,0.0,0.0,0.0
9186,6.0,4.679201728185172,1.0,14.710208884966166,0.0,0.0,0.0,0.0,2.0,4.228061645138786,2.0,7.983713225020957,1.0,14.378145219266715,0.0,0.0
9187,2.0,0.765315884131175,0.0,0.0,0.0,0.0,1.0,1.727563272004837,0.0,0.0,1.0,1.742706772158516,0.0,0.0,0.0,0.0
9188,5.0,3.658527662127653,0.0,0.0,0.0,0.0,1.0,3.645244778186855,2.0,4.079717683536299,2.0,6.614412805503192,0.0,0.0,0.0,0.0
9189,1.0,0.563955357293916,1.0,12.169891687963977,0.0,0.0,0.0,0.0,0.0,0.0,0.0,0.0,0.0,0.0,0.0,0.0
9190,3.0,2.214381670824783,0.0,0.0,0.0,0.0,0.0,0.0,2.0,4.195422793732038,0.0,0.0,1.0,11.021712774165104,0.0,0.0
9261,0.0,0.0,0.0,0.0,0.0,0.0,0.0,0.0,0.0,0.0,0.0,0.0,0.0,0.0,0.0,0.0
9262,0.0,0.0,0.0,0.0,0.0,0.0,0.0,0.0,0.0,0.0,0.0,0.0,0.0,0.0,0.0,0.0
9263,2.0,4.184888368102781,0.0,0.0,0.0,0.0,1.0,8.49689863199932,0.0,0.0,0.0,0.0,1.0,31.90810465858328,,
9271,0.0,0.0,0.0,0.0,0.0,0.0,0.0,0.0,0.0,0.0,0.0,0.0,0.0,0.0,0.0,0.0
9272,5.0,6.380643679334371,0.0,0.0,0.0,0.0,2.0,11.699327288680902,3.0,10.7696726019529,0.0,0.0,0.0,0.0,0.0,0.0
9273,0.0,0.0,0.0,0.0,0.0,0.0,0.0,0.0,0.0,0.0,0.0,0.0,0.0,0.0,0.0,0.0
9274,4.0,2.501641702367178,0.0,0.0,0.0,0.0,1.0,2.7833444667112,2.0,3.373420817379864,1.0,3.07900732803744,0.0,0.0,0.0,0.0
9275,2.0,1.038119757495224,0.0,0.0,0.0,0.0,0.0,0.0,1.0,1.464429019125443,1.0,2.21185109818407,0.0,0.0,0.0,0.0
9276,0.0,0.0,0.0,0.0,0.0,0.0,0.0,0.0,0.0,0.0,0.0,0.0,0.0,0.0,0.0,0.0
9277,2.0,1.64606343928495,0.0,0.0,0.0,0.0,1.0,3.603473748693741,0.0,0.0,0.0,0.0,1.0,12.342631449024932,0.0,0.0
9278,2.0,1.9778481012658222,0.0,0.0,0.0,0.0,1.0,4.445234708392603,0.0,0.0,1.0,4.63907960660605,0.0,0.0,0.0,0.0
9279,5.0,5.171539981175594,1.0,21.39495079161318,0.0,0.0,1.0,4.353125544140693,2.0,5.727704908643107,0.0,0.0,1.0,17.966223499820337,0.0,0.0
9361,1.0,2.36927523870448,0.0,0.0,0.0,0.0,0.0,0.0,0.0,0.0,0.0,0.0,1.0,29.7441998810232,0.0,0.0
9362,1.0,0.653193462839823,0.0,0.0,0.0,0.0,1.0,2.010737337381618,0.0,0.0,0.0,0.0,0.0,0.0,0.0,0.0
9363,0.0,0.0,0.0,0.0,0.0,0.0,0.0,0.0,0.0,0.0,0.0,0.0,0.0,0.0,0.0,0.0
9371,0.0,0.0,0.0,0.0,0.0,0.0,0.0,0.0,0.0,0.0,0.0,0.0,0.0,0.0,0.0,0.0
9372,1.0,0.781262207221987,0.0,0.0,0.0,0.0,1.0,3.504468196951113,0.0,0.0,0.0,0.0,0.0,0.0,0.0,0.0
9373,4.0,2.972364441604185,0.0,0.0,0.0,0.0,1.0,3.207801372938987,2.0,4.091234530019434,0.0,0.0,1.0,12.737230925996688,0.0,0.0
9374,2.0,2.117522498676548,2.0,44.091710758377424,0.0,0.0,0.0,0.0,0.0,0.0,0.0,0.0,0.0,0.0,0.0,0.0
9375,6.0,3.091667954861647,1.0,10.416666666666666,0.0,0.0,1.0,2.355879096284778,1.0,1.394700139470014,1.0,2.4190231984324733,2.0,18.66368047779022,0.0,0.0
9376,5.0,3.381302748322873,0.0,0.0,0.0,0.0,0.0,0.0,2.0,3.752556429067302,1.0,3.145346459912559,2.0,21.161781822029415,0.0,0.0
9377,1.0,1.3880021097632071,0.0,0.0,0.0,0.0,0.0,0.0,0.0,0.0,1.0,5.879931792791203,0.0,0.0,0.0,0.0
9461,1.0,1.2924405154252772,0.0,0.0,0.0,0.0,0.0,0.0,0.0,0.0,1.0,6.895600606812853,0.0,0.0,0.0,0.0
9462,0.0,0.0,0.0,0.0,0.0,0.0,0.0,0.0,0.0,0.0,0.0,0.0,0.0,0.0,0.0,0.0
9463,1.0,2.434748733930658,0.0,0.0,0.0,0.0,1.0,9.76657876745776,0.0,0.0,0.0,0.0,0.0,0.0,0.0,0.0
9464,0.0,0.0,0.0,0.0,0.0,0.0,0.0,0.0,0.0,0.0,0.0,0.0,0.0,0.0,0.0,0.0
9471,4.0,2.718074516012856,0.0,0.0,0.0,0.0,2.0,6.163518136152115,0.0,0.0,2.0,6.466004978823833,0.0,0.0,0.0,0.0
9472,1.0,0.9646550393579251,0.0,0.0,0.0,0.0,0.0,0.0,0.0,0.0,1.0,4.134110546116003,0.0,0.0,0.0,0.0
9473,1.0,1.152777617669775,0.0,0.0,0.0,0.0,0.0,0.0,0.0,0.0,0.0,0.0,1.0,15.408320493066256,0.0,0.0
9474,2.0,1.721125960603426,0.0,0.0,0.0,0.0,1.0,3.9950461427829493,0.0,0.0,0.0,0.0,1.0,13.80071763731714,0.0,0.0
9475,0.0,0.0,0.0,0.0,0.0,0.0,0.0,0.0,0.0,0.0,0.0,0.0,0.0,0.0,0.0,0.0
9476,1.0,1.498284464288389,0.0,0.0,0.0,0.0,0.0,0.0,1.0,4.12694482274772,0.0,0.0,0.0,0.0,0.0,0.0
9477,0.0,0.0,0.0,0.0,0.0,0.0,0.0,0.0,0.0,0.0,0.0,0.0,0.0,0.0,0.0,0.0
9478,0.0,0.0,0.0,0.0,0.0,0.0,0.0,0.0,0.0,0.0,0.0,0.0,0.0,0.0,0.0,0.0
9479,3.0,4.129103296400798,0.0,0.0,0.0,0.0,1.0,7.050694493407601,2.0,8.073957450244237,0.0,0.0,0.0,0.0,0.0,0.0
9561,0.0,0.0,0.0,0.0,0.0,0.0,0.0,0.0,0.0,0.0,0.0,0.0,0.0,0.0,0.0,0.0
9562,2.0,1.7773354187402242,0.0,0.0,0.0,0.0,0.0,0.0,0.0,0.0,1.0,5.210775884529206,1.0,14.945449110745779,0.0,0.0
9563,2.0,1.556456570970528,0.0,0.0,0.0,0.0,0.0,0.0,0.0,0.0,2.0,8.058342398968533,0.0,0.0,0.0,0.0
9564,1.0,0.19291239847985,1.0,3.891656288916563,0.0,0.0,0.0,0.0,0.0,0.0,0.0,0.0,0.0,0.0,0.0,0.0
9565,0.0,0.0,0.0,0.0,0.0,0.0,0.0,0.0,0.0,0.0,0.0,0.0,0.0,0.0,0.0,0.0
9571,1.0,0.541738221256724,0.0,0.0,0.0,0.0,0.0,0.0,1.0,1.521005080156967,0.0,0.0,0.0,0.0,0.0,0.0
9572,1.0,0.7285337529687751,0.0,0.0,0.0,0.0,0.0,0.0,0.0,0.0,0.0,0.0,1.0,12.471938139186829,0.0,0.0
9573,2.0,1.6970293501226101,0.0,0.0,0.0,0.0,0.0,0.0,0.0,0.0,1.0,3.669320808718306,1.0,12.100677637947726,0.0,0.0
9574,1.0,0.58550751791653,0.0,0.0,0.0,0.0,0.0,0.0,1.0,1.6167103178452482,0.0,0.0,0.0,0.0,0.0,0.0
9575,1.0,0.9899617874750031,0.0,0.0,0.0,0.0,0.0,0.0,0.0,0.0,1.0,4.5158959537572265,0.0,0.0,,
9576,2.0,1.577921719303505,0.0,0.0,1.0,8.732861758798359,0.0,0.0,0.0,0.0,0.0,0.0,1.0,12.411567580985478,0.0,0.0
9577,1.0,1.05558722317225,0.0,0.0,0.0,0.0,0.0,0.0,0.0,0.0,0.0,0.0,1.0,15.190642564180465,0.0,0.0
9661,0.0,0.0,0.0,0.0,0.0,0.0,0.0,0.0,0.0,0.0,0.0,0.0,0.0,0.0,0.0,0.0
9662,0.0,0.0,0.0,0.0,0.0,0.0,0.0,0.0,0.0,0.0,0.0,0.0,0.0,0.0,0.0,0.0
9663,1.0,0.7816530398486721,1.0,18.59081613682841,0.0,0.0,0.0,0.0,0.0,0.0,0.0,0.0,0.0,0.0,,
9671,0.0,0.0,0.0,0.0,0.0,0.0,0.0,0.0,0.0,0.0,0.0,0.0,0.0,0.0,0.0,0.0
9672,1.0,0.9686637283866901,0.0,0.0,0.0,0.0,0.0,0.0,0.0,0.0,0.0,0.0,1.0,11.913271384322135,0.0,0.0
9673,0.0,0.0,0.0,0.0,0.0,0.0,0.0,0.0,0.0,0.0,0.0,0.0,0.0,0.0,,
9674,0.0,0.0,0.0,0.0,0.0,0.0,0.0,0.0,0.0,0.0,0.0,0.0,0.0,0.0,,
9675,0.0,0.0,0.0,0.0,0.0,0.0,0.0,0.0,0.0,0.0,0.0,0.0,0.0,0.0,0.0,0.0
9676,0.0,0.0,0.0,0.0,0.0,0.0,0.0,0.0,0.0,0.0,0.0,0.0,0.0,0.0,0.0,0.0
9677,1.0,0.792656827153252,0.0,0.0,0.0,0.0,1.0,3.830683777054204,0.0,0.0,0.0,0.0,0.0,0.0,,
9678,1.0,0.866213348347698,0.0,0.0,0.0,0.0,0.0,0.0,0.0,0.0,0.0,0.0,1.0,12.532898859506204,0.0,0.0
9679,4.0,2.464541410457049,0.0,0.0,0.0,0.0,1.0,2.855103497501784,0.0,0.0,1.0,2.70988022329413,2.0,19.336749492410327,0.0,0.0
9761,2.0,0.674349758245611,0.0,0.0,0.0,0.0,1.0,1.182270669046971,0.0,0.0,1.0,1.794043774668102,0.0,0.0,,
9762,0.0,0.0,0.0,0.0,0.0,0.0,0.0,0.0,0.0,0.0,0.0,0.0,0.0,0.0,0.0,0.0
9763,0.0,0.0,0.0,0.0,0.0,0.0,0.0,0.0,0.0,0.0,0.0,0.0,0.0,0.0,0.0,0.0
9764,1.0,2.267573696145124,0.0,0.0,0.0,0.0,0.0,0.0,0.0,0.0,0.0,0.0,1.0,32.81916639317361,0.0,0.0
9771,2.0,1.4852771898555561,0.0,0.0,0.0,0.0,0.0,0.0,0.0,0.0,1.0,3.593115590528547,1.0,12.492192379762649,0.0,0.0
9772,2.0,0.789054239588429,0.0,0.0,0.0,0.0,0.0,0.0,1.0,1.095014399439352,0.0,0.0,1.0,6.446206407529169,0.0,0.0
9773,0.0,0.0,0.0,0.0,0.0,0.0,0.0,0.0,0.0,0.0,0.0,0.0,0.0,0.0,0.0,0.0
9774,3.0,2.361702630149496,1.0,15.913430935709739,0.0,0.0,0.0,0.0,2.0,4.405189313010727,0.0,0.0,0.0,0.0,0.0,0.0
9775,5.0,2.853816122919568,0.0,0.0,0.0,0.0,1.0,2.4033262034655962,0.0,0.0,0.0,0.0,4.0,37.27518404622123,0.0,0.0
9776,2.0,2.439589661019016,0.0,0.0,0.0,0.0,0.0,0.0,1.0,3.453038674033149,1.0,5.516328331862312,0.0,0.0,0.0,0.0
9777,5.0,3.541527956821691,0.0,0.0,0.0,0.0,1.0,3.157063930544593,0.0,0.0,4.0,13.019985678015754,0.0,0.0,0.0,0.0
9778,0.0,0.0,0.0,0.0,0.0,0.0,0.0,0.0,0.0,0.0,0.0,0.0,0.0,0.0,0.0,0.0
9779,0.0,0.0,0.0,0.0,0.0,0.0,0.0,0.0,0.0,0.0,0.0,0.0,0.0,0.0,0.0,0.0
9780,0.0,0.0,0.0,0.0,0.0,0.0,0.0,0.0,0.0,0.0,0.0,0.0,0.0,0.0,0.0,0.0
10041,0.0,0.0,0.0,0.0,0.0,0.0,0.0,0.0,0.0,0.0,0.0,0.0,0.0,0.0,0.0,0.0
10042,3.0,2.905766008349234,1.0,24.59419576979833,0.0,0.0,0.0,0.0,1.0,2.714219797519203,1.0,4.025278750553475,0.0,0.0,0.0,0.0
10043,0.0,0.0,0.0,0.0,0.0,0.0,0.0,0.0,0.0,0.0,0.0,0.0,0.0,0.0,0.0,0.0
10044,3.0,1.543853148688496,0.0,0.0,0.0,0.0,1.0,2.468465355088741,1.0,1.502697341728402,1.0,2.079347916493387,0.0,0.0,0.0,0.0
10045,2.0,1.406509325156825,0.0,0.0,0.0,0.0,1.0,3.414834039065701,0.0,0.0,1.0,2.800728189329225,0.0,0.0,0.0,0.0
10046,1.0,1.149332812302458,0.0,0.0,0.0,0.0,0.0,0.0,0.0,0.0,1.0,4.4408917310595974,0.0,0.0,0.0,0.0
11000,37.0,1.008314232137372,1.0,0.517507270977157,0.0,0.0,5.0,0.518613559255229,8.0,0.6268880103749961,5.0,0.7158554830950721,15.0,7.101364882330384,3.0,8.175520801113832
12051,0.0,0.0,0.0,0.0,0.0,0.0,0.0,0.0,0.0,0.0,0.0,0.0,0.0,0.0,0.0,0.0
12052,1.0,1.003230401894099,0.0,0.0,1.0,12.509382036527395,0.0,0.0,0.0,0.0,0.0,0.0,0.0,0.0,0.0,0.0
12053,1.0,1.731571747675365,0.0,0.0,0.0,0.0,0.0,0.0,1.0,5.312084993359893,0.0,0.0,0.0,0.0,,
12054,2.0,1.109053201282065,0.0,0.0,0.0,0.0,0.0,0.0,0.0,0.0,1.0,2.942388042134996,1.0,8.495454931611588,0.0,0.0
12060,0.0,0.0,0.0,0.0,0.0,0.0,0.0,0.0,0.0,0.0,0.0,0.0,0.0,0.0,,
12061,0.0,0.0,0.0,0.0,0.0,0.0,0.0,0.0,0.0,0.0,0.0,0.0,0.0,0.0,0.0,0.0
12062,0.0,0.0,0.0,0.0,0.0,0.0,0.0,0.0,0.0,0.0,0.0,0.0,0.0,0.0,,
12063,0.0,0.0,0.0,0.0,0.0,0.0,0.0,0.0,0.0,0.0,0.0,0.0,0.0,0.0,0.0,0.0
12064,1.0,0.5108530735475171,0.0,0.0,0.0,0.0,0.0,0.0,0.0,0.0,1.0,2.035043448177618,0.0,0.0,0.0,0.0
12065,0.0,0.0,0.0,0.0,0.0,0.0,0.0,0.0,0.0,0.0,0.0,0.0,0.0,0.0,0.0,0.0
12066,0.0,0.0,0.0,0.0,0.0,0.0,0.0,0.0,0.0,0.0,0.0,0.0,0.0,0.0,0.0,0.0
12067,9.0,5.033472592741733,0.0,0.0,0.0,0.0,0.0,0.0,4.0,6.268708175962638,5.0,10.365057318766972,0.0,0.0,0.0,0.0
12068,4.0,4.046084907091775,0.0,0.0,0.0,0.0,0.0,0.0,2.0,5.695085141522866,1.0,3.708098487095817,1.0,12.54390366281987,0.0,0.0
12069,0.0,0.0,0.0,0.0,0.0,0.0,0.0,0.0,0.0,0.0,0.0,0.0,0.0,0.0,0.0,0.0
12070,1.0,1.313059691693584,0.0,0.0,0.0,0.0,0.0,0.0,0.0,0.0,1.0,4.632203075782843,0.0,0.0,0.0,0.0
12071,0.0,0.0,0.0,0.0,0.0,0.0,0.0,0.0,0.0,0.0,0.0,0.0,0.0,0.0,0.0,0.0
12072,1.0,0.5882456749236751,0.0,0.0,0.0,0.0,0.0,0.0,0.0,0.0,0.0,0.0,1.0,8.368901163277261,,
12073,1.0,0.8407105685725571,0.0,0.0,0.0,0.0,1.0,5.342451116572283,0.0,0.0,0.0,0.0,0.0,0.0,,
13003,2.0,0.956064075414334,0.0,0.0,0.0,0.0,0.0,0.0,0.0,0.0,1.0,2.142704092564817,1.0,5.8390750905056645,0.0,0.0
13004,0.0,0.0,0.0,0.0,0.0,0.0,0.0,0.0,0.0,0.0,0.0,0.0,0.0,0.0,0.0,0.0
13071,11.0,4.262343358881561,3.0,29.380080305552834,0.0,0.0,1.0,2.302555836979047,3.0,3.330631820856416,4.0,5.652431958850295,0.0,0.0,0.0,0.0
13072,0.0,0.0,0.0,0.0,0.0,0.0,0.0,0.0,0.0,0.0,0.0,0.0,0.0,0.0,0.0,0.0
13073,0.0,0.0,0.0,0.0,0.0,0.0,0.0,0.0,0.0,0.0,0.0,0.0,0.0,0.0,0.0,0.0
13074,1.0,0.635639007894636,0.0,0.0,0.0,0.0,1.0,3.491620111731843,0.0,0.0,0.0,0.0,0.0,0.0,0.0,0.0
13075,2.0,0.8488135708313701,1.0,10.469011725293132,0.0,0.0,0.0,0.0,0.0,0.0,1.0,1.606374092398637,0.0,0.0,0.0,0.0
13076,4.0,1.888761397494558,0.0,0.0,0.0,0.0,0.0,0.0,2.0,2.57175187737887,1.0,1.802158986465786,1.0,6.567281802062126,0.0,0.0
14511,3.0,1.21785867967881,0.0,0.0,0.0,0.0,1.0,1.8637592023110612,1.0,1.314129520605551,1.0,1.5925341996719382,0.0,0.0,,
14521,0.0,0.0,0.0,0.0,0.0,0.0,0.0,0.0,0.0,0.0,0.0,0.0,0.0,0.0,,
14522,1.0,0.32884027898809204,0.0,0.0,0.0,0.0,0.0,0.0,1.0,0.97045922130352,0.0,0.0,0.0,0.0,,
14523,0.0,0.0,0.0,0.0,0.0,0.0,0.0,0.0,0.0,0.0,0.0,0.0,0.0,0.0,,
14524,2.0,0.6349166037041031,0.0,0.0,0.0,0.0,0.0,0.0,0.0,0.0,1.0,1.130352217751051,1.0,3.382835492709989,,
14612,3.0,0.5388124573440131,0.0,0.0,0.0,0.0,0.0,0.0,2.0,1.136873937733414,1.0,0.914185415085887,0.0,0.0,0.0,0.0
14625,1.0,0.333602439301036,0.0,0.0,0.0,0.0,0.0,0.0,0.0,0.0,0.0,0.0,1.0,3.620564808110065,,
14626,3.0,1.187061034721535,0.0,0.0,0.0,0.0,1.0,2.534725742674642,2.0,2.377612401626287,0.0,0.0,0.0,0.0,,
14627,0.0,0.0,0.0,0.0,0.0,0.0,0.0,0.0,0.0,0.0,0.0,0.0,0.0,0.0,,
14628,1.0,0.40718933489694004,0.0,0.0,0.0,0.0,0.0,0.0,0.0,0.0,1.0,1.5544846883258199,0.0,0.0,,
14713,10.0,1.6859283986209102,0.0,0.0,0.0,0.0,6.0,3.508689855208065,0.0,0.0,3.0,2.717785186258878,1.0,2.453746871472739,,
14729,3.0,1.1621645702509111,0.0,0.0,0.0,0.0,1.0,2.485460058656857,2.0,2.1472359704969772,0.0,0.0,0.0,0.0,,
14730,2.0,1.011424034469331,0.0,0.0,0.0,0.0,1.0,3.085277057879797,0.0,0.0,1.0,1.9398265795037921,0.0,0.0,,
15001,1.0,1.248392694405952,0.0,0.0,0.0,0.0,1.0,7.610350076103501,0.0,0.0,0.0,0.0,0.0,0.0,0.0,0.0
15002,3.0,1.2564813496284999,0.0,0.0,0.0,0.0,1.0,1.6265716748808532,1.0,1.371234247946576,1.0,1.8435898381328122,0.0,0.0,0.0,0.0
15003,5.0,2.104687138256898,1.0,9.029345372460497,0.0,0.0,0.0,0.0,0.0,0.0,3.0,5.5078211059704785,1.0,5.383290267011197,0.0,0.0
15081,0.0,0.0,0.0,0.0,0.0,0.0,0.0,0.0,0.0,0.0,0.0,0.0,0.0,0.0,0.0,0.0
15082,0.0,0.0,0.0,0.0,0.0,0.0,0.0,0.0,0.0,0.0,0.0,0.0,0.0,0.0,0.0,0.0
15083,4.0,2.340235076613445,0.0,0.0,0.0,0.0,0.0,0.0,1.0,1.575820608581919,0.0,0.0,3.0,24.77086945751796,0.0,0.0
15084,0.0,0.0,0.0,0.0,0.0,0.0,0.0,0.0,0.0,0.0,0.0,0.0,0.0,0.0,0.0,0.0
15085,2.0,0.937602550278936,0.0,0.0,0.0,0.0,1.0,2.8196018722156433,1.0,1.34681948578432,0.0,0.0,0.0,0.0,0.0,0.0
15086,0.0,0.0,0.0,0.0,0.0,0.0,0.0,0.0,0.0,0.0,0.0,0.0,0.0,0.0,0.0,0.0
15087,1.0,0.741059121696728,0.0,0.0,0.0,0.0,0.0,0.0,0.0,0.0,1.0,2.4902878772786132,0.0,0.0,0.0,0.0
15088,6.0,3.264151456627587,1.0,13.157894736842104,0.0,0.0,1.0,3.312903760145767,2.0,3.002371873780286,2.0,4.029577095883787,0.0,0.0,0.0,0.0
15089,2.0,1.057501652346331,0.0,0.0,0.0,0.0,0.0,0.0,1.0,1.517727051966974,1.0,1.8872909825236852,0.0,0.0,0.0,0.0
15090,0.0,0.0,0.0,0.0,0.0,0.0,0.0,0.0,0.0,0.0,0.0,0.0,0.0,0.0,0.0,0.0
15091,3.0,2.400902739430025,1.0,21.362956633198035,0.0,0.0,0.0,0.0,0.0,0.0,2.0,5.5423155794490935,0.0,0.0,0.0,0.0
16051,1.0,0.46733121164963204,0.0,0.0,0.0,0.0,0.0,0.0,0.0,0.0,1.0,2.088991017338625,0.0,0.0,,
16052,0.0,0.0,0.0,0.0,0.0,0.0,0.0,0.0,0.0,0.0,0.0,0.0,0.0,0.0,,
16053,2.0,1.796251223696146,0.0,0.0,0.0,0.0,1.0,2.989089822149155,0.0,0.0,0.0,0.0,1.0,13.255567338282079,0.0,0.0
16054,1.0,2.718203810921743,0.0,0.0,0.0,0.0,0.0,0.0,0.0,0.0,1.0,8.542627712284299,0.0,0.0,0.0,0.0
16055,1.0,1.533083951677194,0.0,0.0,0.0,0.0,1.0,6.380806533945891,0.0,0.0,0.0,0.0,0.0,0.0,0.0,0.0
16061,0.0,0.0,0.0,0.0,0.0,0.0,0.0,0.0,0.0,0.0,0.0,0.0,0.0,0.0,0.0,0.0
16062,0.0,0.0,0.0,0.0,0.0,0.0,0.0,0.0,0.0,0.0,0.0,0.0,0.0,0.0,0.0,0.0
16063,6.0,5.043118664582177,0.0,0.0,0.0,0.0,0.0,0.0,3.0,7.030041711580822,1.0,3.128911138923654,2.0,21.372088053002777,0.0,0.0
16064,0.0,0.0,0.0,0.0,0.0,0.0,0.0,0.0,0.0,0.0,0.0,0.0,0.0,0.0,0.0,0.0
16065,1.0,1.3474909718104882,1.0,35.67606136282554,0.0,0.0,0.0,0.0,0.0,0.0,0.0,0.0,0.0,0.0,0.0,0.0
16066,0.0,0.0,0.0,0.0,0.0,0.0,0.0,0.0,0.0,0.0,0.0,0.0,0.0,0.0,,
16067,1.0,0.741245886085332,0.0,0.0,0.0,0.0,0.0,0.0,1.0,2.08659363588941,0.0,0.0,0.0,0.0,0.0,0.0
16068,1.0,1.440361818888905,0.0,0.0,0.0,0.0,1.0,8.69187309865276,0.0,0.0,0.0,0.0,0.0,0.0,0.0,0.0
16069,0.0,0.0,0.0,0.0,0.0,0.0,0.0,0.0,0.0,0.0,0.0,0.0,0.0,0.0,0.0,0.0
16070,2.0,1.882370657606189,0.0,0.0,0.0,0.0,1.0,4.852249017419574,0.0,0.0,0.0,0.0,1.0,12.07437816952427,0.0,0.0
16071,0.0,0.0,0.0,0.0,0.0,0.0,0.0,0.0,0.0,0.0,0.0,0.0,0.0,0.0,0.0,0.0
16072,0.0,0.0,0.0,0.0,0.0,0.0,0.0,0.0,0.0,0.0,0.0,0.0,0.0,0.0,0.0,0.0
16073,0.0,0.0,0.0,0.0,0.0,0.0,0.0,0.0,0.0,0.0,0.0,0.0,0.0,0.0,,
16074,1.0,1.205545509342977,0.0,0.0,0.0,0.0,1.0,7.315288953913679,0.0,0.0,0.0,0.0,0.0,0.0,0.0,0.0
16075,0.0,0.0,0.0,0.0,0.0,0.0,0.0,0.0,0.0,0.0,0.0,0.0,0.0,0.0,0.0,0.0
16076,1.0,1.02671512762069,0.0,0.0,0.0,0.0,1.0,7.14183688044565,0.0,0.0,0.0,0.0,0.0,0.0,0.0,0.0
16077,1.0,1.118655823162887,1.0,30.432136335970785,0.0,0.0,0.0,0.0,0.0,0.0,0.0,0.0,0.0,0.0,0.0,0.0
