ags,Region,NUTS3,A00-A04,A05-A14,A15-A34,A35-A59,A60-A79,A80+
<NA>,Deutschland,de,3961376.0,7429883.0,19117865.0,28919134.0,18057318.0,5681135.0
1,Schleswig-Holstein (BL),def,129237.0,258945.0,632377.0,1016095.0,659461.0,207658.0
1001,"Flensburg, Stadt",def01,4399.0,7573.0,27036.0,27783.0,17810.0,5563.0
1002,"Kiel, Stadt",def02,11333.0,19424.0,76854.0,79062.0,45970.0,14151.0
1003,"Lübeck, Stadt",def03,9419.0,17818.0,52653.0,72503.0,47637.0,16500.0
1004,"Neumünster, Stadt",def04,3613.0,7239.0,19242.0,26839.0,17452.0,5811.0
1051,Dithmarschen,def05,5371.0,11593.0,27964.0,45170.0,33194.0,9901.0
1053,Herzogtum Lauenburg,def06,9511.0,18856.0,39697.0,71949.0,43504.0,14502.0
1054,Nordfriesland,def07,6885.0,13983.0,35866.0,56915.0,40232.0,12070.0
1055,Ostholstein,def08,7319.0,16112.0,36449.0,69627.0,54288.0,16744.0
1056,Pinneberg,def09,15027.0,29695.0,65688.0,115041.0,68482.0,22170.0
1057,Plön,def0a,5328.0,11328.0,23498.0,45203.0,32975.0,10354.0
1058,Rendsburg-Eckernförde,def0b,12070.0,25441.0,54635.0,97822.0,64745.0,19385.0
1059,Schleswig-Flensburg,def0c,9257.0,18635.0,40895.0,69967.0,48000.0,14402.0
1060,Segeberg,def0d,12765.0,26002.0,58058.0,101333.0,60727.0,18290.0
1061,Steinburg,def0e,5697.0,11548.0,27369.0,46997.0,30089.0,9313.0
1062,Stormarn,def0f,11243.0,23698.0,46473.0,89884.0,54356.0,18502.0
2,Hamburg (BL),de6,99947.0,164687.0,494366.0,654050.0,326494.0,107709.0
3,Niedersachsen (BL),de9,374967.0,722242.0,1826037.0,2757531.0,1758463.0,554368.0
31,Statistische Region Braunschweig (R),de91,73095.0,136604.0,367456.0,542858.0,357328.0,117588.0
3101,"Braunschweig, Stadt",de911,11212.0,19461.0,68786.0,82632.0,49872.0,17443.0
3102,"Salzgitter, Stadt",de912,5727.0,10189.0,23669.0,33815.0,23204.0,7687.0
3103,"Wolfsburg, Stadt",de913,6605.0,11008.0,29020.0,42193.0,25910.0,9635.0
3151,Gifhorn,de914,9311.0,17128.0,37609.0,63995.0,37856.0,10624.0
3153,Goslar,de916,4935.0,10024.0,28691.0,45175.0,35145.0,12322.0
3154,Helmstedt,de917,4219.0,7850.0,18456.0,32386.0,21443.0,6943.0
3155,Northeim,de918,5405.0,10956.0,26279.0,45402.0,33018.0,11225.0
3157,Peine,de91a,6658.0,12969.0,28310.0,48660.0,29001.0,9203.0
3158,Wolfenbüttel,de91b,5160.0,10064.0,24692.0,42362.0,28506.0,8838.0
3159,Göttingen,de91c,13863.0,26955.0,81944.0,106238.0,73373.0,23668.0
32,Statistische Region Hannover (R),de92,99322.0,190524.0,489912.0,741532.0,469477.0,157471.0
3241,Region Hannover,de929,55818.0,104174.0,279960.0,398418.0,238683.0,80062.0
3251,Diepholz,de922,9915.0,19867.0,45489.0,77329.0,49078.0,15411.0
3252,Hameln-Pyrmont,de923,6537.0,12879.0,29863.0,50422.0,36036.0,12812.0
3254,Hildesheim,de925,11886.0,23307.0,62084.0,94392.0,62952.0,21196.0
3255,Holzminden,de926,2885.0,5720.0,14423.0,23397.0,17712.0,6321.0
3256,Nienburg (Weser),de927,5522.0,11210.0,26066.0,42260.0,27497.0,8835.0
3257,Schaumburg,de928,6759.0,13367.0,32027.0,55314.0,37519.0,12834.0
33,Statistische Region Lüneburg (R),de93,79767.0,158833.0,362697.0,602621.0,393315.0,119215.0
3351,Celle,de931,8469.0,16919.0,38066.0,60811.0,41817.0,12929.0
3352,Cuxhaven,de932,8580.0,17614.0,38789.0,67815.0,50096.0,15144.0
3353,Harburg,de933,12188.0,24198.0,50774.0,93315.0,56616.0,17340.0
3354,Lüchow-Dannenberg,de934,1875.0,4029.0,8803.0,16179.0,13310.0,4216.0
3355,Lüneburg,de935,8614.0,17395.0,43029.0,65858.0,38028.0,11215.0
3356,Osterholz,de936,5327.0,10442.0,21931.0,41192.0,27174.0,7862.0
3357,Rotenburg (Wümme),de937,7510.0,14971.0,36921.0,57882.0,36020.0,10478.0
3358,Heidekreis,de938,6503.0,12957.0,31331.0,48329.0,31388.0,10165.0
3359,Stade,de939,10179.0,19478.0,45521.0,71739.0,44626.0,12969.0
3360,Uelzen,de93a,3644.0,7676.0,18625.0,31806.0,22845.0,7793.0
3361,Verden,de93b,6878.0,13154.0,28907.0,47695.0,31395.0,9104.0
34,Statistische Region Weser-Ems (R),de94,122783.0,236281.0,605972.0,870520.0,538343.0,160094.0
3401,"Delmenhorst, Stadt",de941,4223.0,7166.0,17987.0,26079.0,17032.0,5072.0
3402,"Emden, Stadt",de942,2394.0,4447.0,12689.0,16541.0,10626.0,3216.0
3403,"Oldenburg (Oldenburg), Stadt",de943,7553.0,14070.0,48935.0,55940.0,32838.0,9741.0
3404,"Osnabrück, Stadt",de944,7434.0,13346.0,51939.0,52270.0,30014.0,10248.0
3405,"Wilhelmshaven, Stadt",de945,3290.0,5940.0,18788.0,23244.0,18471.0,6356.0
3451,Ammerland,de946,5884.0,11657.0,26151.0,43596.0,28859.0,8712.0
3452,Aurich,de947,8360.0,16935.0,40921.0,65471.0,45999.0,12008.0
3453,Cloppenburg,de948,9744.0,18429.0,44333.0,59024.0,30392.0,8760.0
3454,Emsland,de949,16504.0,31862.0,78692.0,114818.0,66804.0,18274.0
3455,Friesland,de94a,4303.0,8381.0,19679.0,33435.0,25066.0,7840.0
3456,Grafschaft Bentheim,de94b,6730.0,13570.0,31078.0,48030.0,28991.0,8763.0
3457,Leer,de94c,8193.0,15855.0,38974.0,59318.0,38002.0,10414.0
3458,"Oldenburg, Landkreis",de94d,6132.0,12195.0,27626.0,47601.0,28779.0,8557.0
3459,"Osnabrück, Landkreis",de94e,17874.0,34571.0,79713.0,125577.0,75943.0,24402.0
3460,Vechta,de94f,7989.0,15154.0,37759.0,49646.0,25069.0,7197.0
3461,Wesermarsch,de94g,3825.0,7635.0,18922.0,30688.0,21077.0,6436.0
3462,Wittmund,de94h,2351.0,5068.0,11786.0,19242.0,14381.0,4098.0
4,Bremen (BL),de5,34028.0,59215.0,174852.0,226913.0,140672.0,45522.0
4011,"Bremen, Stadt",de50,28154.0,48458.0,147443.0,189949.0,115516.0,38039.0
4012,"Bremerhaven, Stadt",de51,5874.0,10757.0,27409.0,36964.0,25156.0,7483.0
5,Nordrhein-Westfalen (BL),dea,866435.0,1626346.0,4222417.0,6212504.0,3802804.0,1216715.0
51,Regierungsbezirk Düsseldorf (R),dea1,252449.0,467103.0,1193568.0,1810586.0,1119410.0,364341.0
5111,"Düsseldorf, Stadt",dea11,31407.0,54091.0,160799.0,220553.0,116000.0,39027.0
5112,"Duisburg, Stadt",dea12,25704.0,45924.0,123127.0,169476.0,100250.0,34205.0
5113,"Essen, Stadt",dea13,29036.0,50838.0,143102.0,194927.0,123094.0,41763.0
5114,"Krefeld, Stadt",dea14,10899.0,20397.0,52378.0,78306.0,49357.0,16080.0
5116,"Mönchengladbach, Stadt",dea15,12788.0,23297.0,62642.0,89227.0,56164.0,16916.0
5117,"Mülheim an der Ruhr, Stadt",dea16,8184.0,15035.0,36754.0,58081.0,38863.0,13715.0
5119,"Oberhausen, Stadt",dea17,10031.0,18347.0,47634.0,72986.0,46894.0,14872.0
5120,"Remscheid, Stadt",dea18,5425.0,10212.0,24487.0,38882.0,24388.0,7944.0
5122,"Solingen, Stadt",dea19,7731.0,14679.0,35900.0,55927.0,33421.0,11587.0
5124,"Wuppertal, Stadt",dea1a,17932.0,33177.0,87534.0,119798.0,72645.0,24014.0
5154,Kleve,dea1b,14446.0,28151.0,72135.0,110191.0,68028.0,19514.0
5158,Mettmann,dea1c,22968.0,44405.0,97440.0,170462.0,112046.0,38249.0
5162,Rhein-Kreis Neuss,dea1d,22161.0,42858.0,92587.0,162829.0,99678.0,31617.0
5166,Viersen,dea1e,13258.0,26214.0,62114.0,108200.0,68231.0,20846.0
5170,Wesel,dea1f,20479.0,39478.0,94935.0,160741.0,110351.0,33992.0
53,Regierungsbezirk Köln (R),dea2,217084.0,406180.0,1095930.0,1560313.0,915345.0,283995.0
5314,"Bonn, Stadt",dea22,16438.0,31471.0,93907.0,109611.0,58559.0,19687.0
5315,"Köln, Stadt",dea23,54589.0,94151.0,304884.0,385925.0,189843.0,58471.0
5316,"Leverkusen, Stadt",dea24,8095.0,15314.0,36552.0,57691.0,33721.0,12356.0
5334,Städteregion Aachen,dea25,24977.0,46282.0,157209.0,178758.0,114037.0,35763.0
5358,Düren,dea26,12830.0,24024.0,59971.0,91464.0,59258.0,17091.0
5362,Rhein-Erft-Kreis,dea27,23592.0,44331.0,101251.0,168118.0,102674.0,30649.0
5366,Euskirchen,dea28,9089.0,17540.0,41151.0,68838.0,44303.0,12735.0
5370,Heinsberg,dea29,12083.0,23267.0,56046.0,91114.0,56584.0,16461.0
5374,Oberbergischer Kreis,dea2a,13535.0,25660.0,59867.0,94653.0,59256.0,19086.0
5378,Rheinisch-Bergischer Kreis,dea2b,12918.0,26096.0,56130.0,101479.0,64708.0,21940.0
5382,Rhein-Sieg-Kreis,dea2c,28938.0,58044.0,128962.0,212662.0,132402.0,39756.0
55,Regierungsbezirk Münster (R),dea3,128271.0,241123.0,618007.0,909584.0,555204.0,172436.0
5512,"Bottrop, Stadt",dea31,5339.0,9894.0,25641.0,41096.0,27259.0,8336.0
5513,"Gelsenkirchen, Stadt",dea32,13767.0,24945.0,61790.0,87506.0,54559.0,17078.0
5515,"Münster, Stadt",dea33,14563.0,25218.0,102805.0,100386.0,54039.0,18282.0
5554,Borken,dea34,19100.0,36759.0,87289.0,131685.0,74191.0,22315.0
5558,Coesfeld,dea35,10887.0,20530.0,47457.0,78579.0,48837.0,14296.0
5562,Recklinghausen,dea36,28584.0,53577.0,129707.0,213643.0,144275.0,44351.0
5566,Steinfurt,dea37,22680.0,43576.0,102306.0,158932.0,92016.0,28710.0
5570,Warendorf,dea38,13351.0,26624.0,61012.0,97757.0,60028.0,19068.0
57,Regierungsbezirk Detmold (R),dea4,100823.0,196059.0,484268.0,702512.0,428071.0,143991.0
5711,"Bielefeld, Stadt",dea41,16707.0,31171.0,88901.0,110546.0,63728.0,23142.0
5754,Gütersloh,dea42,18329.0,35402.0,84652.0,130086.0,72857.0,23612.0
5758,Herford,dea43,11818.0,23348.0,54075.0,87710.0,54386.0,19241.0
5762,Höxter,dea44,6166.0,12860.0,29989.0,48264.0,32446.0,10526.0
5766,Lippe,dea45,17248.0,34180.0,76491.0,116038.0,76864.0,26693.0
5770,Minden-Lübbecke,dea46,15008.0,29765.0,68632.0,105807.0,67878.0,23319.0
5774,Paderborn,dea47,15547.0,29333.0,81528.0,104061.0,59912.0,17458.0
59,Regierungsbezirk Arnsberg (R),dea5,167808.0,315881.0,830644.0,1229509.0,784774.0,251952.0
5911,"Bochum, Stadt",dea51,16127.0,28786.0,94867.0,119909.0,79358.0,26540.0
5913,"Dortmund, Stadt",dea52,28998.0,51619.0,150654.0,198813.0,119232.0,38934.0
5914,"Hagen, Stadt",dea53,9614.0,17625.0,43353.0,63331.0,40934.0,13829.0
5915,"Hamm, Stadt",dea54,8651.0,17253.0,43097.0,61228.0,37810.0,11877.0
5916,"Herne, Stadt",dea55,7377.0,13641.0,36686.0,53865.0,33855.0,11025.0
5954,Ennepe-Ruhr-Kreis,dea56,14597.0,27013.0,68228.0,112944.0,76719.0,24605.0
5958,Hochsauerlandkreis,dea57,11441.0,23056.0,57222.0,90800.0,58301.0,18957.0
5962,Märkischer Kreis,dea58,19197.0,37341.0,89491.0,143451.0,91502.0,29240.0
5966,Olpe,dea59,6299.0,12378.0,30088.0,48072.0,28389.0,8729.0
5970,Siegen-Wittgenstein,de5a,13274.0,24277.0,66789.0,92833.0,60681.0,19090.0
5974,Soest,dea5b,14111.0,27936.0,66540.0,106349.0,65986.0,20863.0
5978,Unna,dea5c,18122.0,34956.0,83629.0,137914.0,92007.0,28263.0
6,Hessen (BL),de7,305505.0,572678.0,1482050.0,2211163.0,1312645.0,404039.0
64,Regierungsbezirk Darmstadt (R),de71,202920.0,375173.0,947053.0,1440653.0,809498.0,244664.0
6411,"Darmstadt, Stadt",de711,7880.0,13859.0,52066.0,49898.0,27520.0,8655.0
6412,"Frankfurt am Main, Stadt",de712,41964.0,68908.0,214657.0,280645.0,121943.0,35263.0
6413,"Offenbach am Main, Stadt",de713,7592.0,12942.0,35782.0,45593.0,21960.0,6411.0
6414,"Wiesbaden, Stadt",de714,15051.0,26752.0,67169.0,97093.0,54720.0,17689.0
6431,Bergstraße,de715,12596.0,23775.0,56955.0,96563.0,62178.0,18273.0
6432,Darmstadt-Dieburg,de716,14618.0,27860.0,64948.0,107516.0,64904.0,17998.0
6433,Groß-Gerau,de717,14831.0,26607.0,65220.0,99027.0,53972.0,16069.0
6434,Hochtaunuskreis,de718,11090.0,24224.0,46056.0,86632.0,51308.0,17604.0
6435,Main-Kinzig-Kreis,de719,20189.0,38435.0,92231.0,149556.0,92950.0,27191.0
6436,Main-Taunus-Kreis,de71a,11930.0,24180.0,48946.0,88395.0,48971.0,16136.0
6437,Odenwaldkreis,de71b,4201.0,8264.0,20262.0,33401.0,23459.0,7116.0
6438,Offenbach,de71c,18295.0,33787.0,78092.0,127127.0,75308.0,23204.0
6439,Rheingau-Taunus-Kreis,de71d,8262.0,16823.0,37925.0,67506.0,43595.0,13049.0
6440,Wetteraukreis,de71e,14421.0,28757.0,66744.0,111701.0,66710.0,20006.0
65,Regierungsbezirk Gießen (R),de72,47526.0,91498.0,260243.0,354486.0,225193.0,69700.0
6531,Gießen,de721,12882.0,22699.0,77598.0,87225.0,54115.0,16169.0
6532,Lahn-Dill-Kreis,de722,11734.0,22961.0,55574.0,88340.0,56845.0,17865.0
6533,Limburg-Weilburg,de723,7729.0,15491.0,37993.0,60749.0,38531.0,11419.0
6534,Marburg-Biedenkopf,de724,10875.0,21634.0,68085.0,81391.0,49523.0,15576.0
6535,Vogelsbergkreis,de725,4306.0,8713.0,20993.0,36781.0,26179.0,8671.0
66,Regierungsbezirk Kassel (R),de73,55059.0,106007.0,274754.0,416024.0,277954.0,89675.0
6611,"Kassel, Stadt",de731,10018.0,17098.0,59006.0,64312.0,39079.0,12624.0
6633,Kassel,de734,10405.0,20321.0,46759.0,82439.0,58642.0,18198.0
6631,Fulda,de732,10592.0,20365.0,53110.0,76332.0,46775.0,15971.0
6632,Hersfeld-Rotenburg,de733,5449.0,10675.0,25236.0,41164.0,28793.0,9402.0
6634,Schwalm-Eder-Kreis,de735,7576.0,15557.0,37162.0,63472.0,42614.0,13292.0
6635,Waldeck-Frankenberg,de736,6908.0,13893.0,32741.0,54415.0,36598.0,11851.0
6636,Werra-Meißner-Kreis,de737,4111.0,8098.0,20740.0,33890.0,25453.0,8337.0
7,Rheinland-Pfalz (BL),deb,192265.0,359373.0,927478.0,1418212.0,914543.0,282032.0
71,Regierungsbezirk Koblenz (früher) (R),deb1,69103.0,130778.0,326132.0,518191.0,345804.0,108215.0
7111,"Koblenz, Stadt",deb11,5130.0,8989.0,32464.0,35749.0,23252.0,8468.0
7131,Ahrweiler,deb12,5798.0,10837.0,26935.0,44436.0,31564.0,10516.0
7132,Altenkirchen (Westerwald),deb13,6001.0,11641.0,27736.0,44824.0,29524.0,9079.0
7133,Bad Kreuznach,deb14,7229.0,14089.0,32994.0,54791.0,37843.0,11399.0
7134,Birkenfeld,deb15,3729.0,6726.0,17175.0,27042.0,19767.0,6512.0
7135,Cochem-Zell,deb16,2513.0,4956.0,12567.0,21348.0,15088.0,4903.0
7137,Mayen-Koblenz,deb17,10199.0,18868.0,46501.0,75345.0,48773.0,14748.0
7138,Neuwied,deb18,8889.0,16733.0,39588.0,63025.0,41593.0,12983.0
7140,Rhein-Hunsrück-Kreis,deb19,4690.0,8890.0,21581.0,36204.0,24426.0,7372.0
7141,Rhein-Lahn-Kreis,deb1a,5468.0,10643.0,24989.0,42962.0,29428.0,8807.0
7143,Westerwaldkreis,deb1b,9457.0,18406.0,43602.0,72465.0,44546.0,13428.0
72,Regierungsbezirk Trier (früher) (R),deb2,24364.0,46655.0,124765.0,185953.0,115239.0,36137.0
7211,"Trier, Stadt",deb21,4840.0,8595.0,36102.0,35637.0,19704.0,6650.0
7231,Bernkastel-Wittlich,deb22,5174.0,9804.0,23370.0,39607.0,26137.0,8391.0
7232,Bitburg-Prüm,deb23,4933.0,8993.0,21951.0,35140.0,21520.0,6521.0
7233,Vulkaneifel,deb24,2463.0,5050.0,12518.0,20657.0,15242.0,4716.0
7235,Trier-Saarburg,deb25,6954.0,14213.0,30824.0,54912.0,32636.0,9859.0
73,Regierungsbezirk Rheinhessen-Pfalz (früher)(R),deb3,98798.0,181940.0,476581.0,714068.0,453500.0,137680.0
7311,"Frankenthal (Pfalz), Stadt",deb31,2519.0,4429.0,11090.0,16291.0,10601.0,3832.0
7312,"Kaiserslautern, Stadt",deb32,4670.0,7796.0,29899.0,30804.0,20531.0,6330.0
7313,"Landau in der Pfalz, Stadt",deb33,2105.0,3766.0,13831.0,15072.0,9196.0,2911.0
7314,"Ludwigshafen am Rhein, Stadt",deb34,9643.0,17079.0,43845.0,59153.0,31893.0,10640.0
7315,"Mainz, Stadt",deb35,10097.0,17192.0,70862.0,70469.0,37713.0,12245.0
7316,"Neustadt an der Weinstraße, Stadt",deb36,2506.0,4536.0,11301.0,17749.0,12731.0,4441.0
7317,"Pirmasens, Stadt",deb37,1780.0,3333.0,8780.0,12895.0,9876.0,3567.0
7318,"Speyer, Stadt",deb38,2287.0,4402.0,11123.0,17506.0,11557.0,3686.0
7319,"Worms, Stadt",deb39,4350.0,7795.0,20419.0,28059.0,17553.0,5366.0
7320,"Zweibrücken, Stadt",deb3a,1488.0,2905.0,8059.0,11206.0,7953.0,2582.0
7331,Alzey-Worms,deb3b,6377.0,12002.0,27697.0,46962.0,29226.0,7423.0
7332,Bad Dürkheim,deb3c,5764.0,11214.0,25367.0,47334.0,33254.0,9738.0
7333,Donnersbergkreis,deb3d,3431.0,6796.0,15613.0,26755.0,17753.0,4977.0
7334,Germersheim,deb3e,6326.0,11939.0,28709.0,46533.0,27704.0,7802.0
7335,"Kaiserslautern, Landkreis",deb3f,5769.0,9816.0,22174.0,36607.0,24471.0,7142.0
7336,Kusel,deb3g,3155.0,5820.0,14025.0,24154.0,17783.0,5282.0
7337,Südliche Weinstraße,deb3h,4865.0,9513.0,21816.0,39712.0,26807.0,7808.0
7338,Rhein-Pfalz-Kreis,deb3i,7761.0,13941.0,30850.0,55430.0,35507.0,11120.0
7339,Mainz-Bingen,deb3j,10153.0,20329.0,42927.0,78098.0,47047.0,12863.0
7340,Südwestpfalz,deb3k,3752.0,7337.0,18194.0,33279.0,24344.0,7925.0
8,Baden-Württemberg (BL),de1,545064.0,1013464.0,2702808.0,3854650.0,2264270.0,720138.0
81,Regierungsbezirk Stuttgart (R),de11,206871.0,380715.0,1009066.0,1460065.0,830084.0,267422.0
8111,"Stuttgart, Stadt",de 111,30277.0,52401.0,186375.0,220342.0,108142.0,38374.0
8115,Böblingen,de112,21121.0,37809.0,91621.0,138865.0,78526.0,24865.0
8116,Esslingen,de113,25938.0,48869.0,127142.0,189650.0,107941.0,35484.0
8117,Göppingen,de114,12631.0,23688.0,58557.0,89872.0,55376.0,18021.0
8118,Ludwigsburg,de115,28421.0,51737.0,127555.0,194679.0,108528.0,34503.0
8119,Rems-Murr-Kreis,de116,21042.0,39459.0,96852.0,151312.0,89421.0,29162.0
8121,"Heilbronn, Stadt",de117,6615.0,11897.0,33848.0,42296.0,23792.0,8144.0
8125,Heilbronn,de118,17716.0,32444.0,79932.0,124376.0,69677.0,20311.0
8126,Hohenlohekreis,de119,5549.0,10503.0,26881.0,39646.0,23070.0,7006.0
8127,Schwäbisch Hall,de11a,10166.0,18774.0,46773.0,68881.0,40455.0,11712.0
8128,Main-Tauber-Kreis,de11b,6103.0,11595.0,29027.0,45649.0,30494.0,9531.0
8135,Heidenheim,de11c,6351.0,12434.0,30265.0,45560.0,28360.0,9807.0
8136,Ostalbkreis,de11d,14941.0,29105.0,74238.0,108937.0,66302.0,20502.0
82,Regierungsbezirk Karlsruhe (R),de12,133127.0,246864.0,693403.0,975146.0,579203.0,183111.0
8211,"Baden-Baden, Stadt",de121,2327.0,4336.0,11349.0,18959.0,13312.0,4902.0
8212,"Karlsruhe, Stadt",de122,13501.0,24051.0,96210.0,103188.0,55986.0,19124.0
8215,Karlsruhe,de123,20805.0,40718.0,98037.0,159688.0,96324.0,29529.0
8216,Rastatt,de124,10771.0,20526.0,50351.0,82392.0,51304.0,16076.0
8221,"Heidelberg, Stadt",de125,7651.0,12234.0,56430.0,50483.0,26094.0,8593.0
8222,"Mannheim, Stadt",de126,15008.0,25378.0,90495.0,105056.0,56575.0,18146.0
8225,Neckar-Odenwald-Kreis,de127,6590.0,12650.0,31813.0,50278.0,32605.0,9697.0
8226,Rhein-Neckar-Kreis,de128,26484.0,50723.0,119416.0,195186.0,120243.0,36303.0
8231,"Pforzheim, Stadt",de129,6919.0,12063.0,32774.0,41226.0,24351.0,8624.0
8235,Calw,de12a,7685.0,14880.0,35780.0,56031.0,34153.0,10672.0
8236,Enzkreis,de12b,9770.0,18333.0,43796.0,71053.0,43119.0,13485.0
8237,Freudenstadt,de12c,5616.0,10972.0,26952.0,41606.0,25137.0,7960.0
83,Regierungsbezirk Freiburg (R),de13,112286.0,211957.0,544213.0,777465.0,474477.0,150953.0
8311,"Freiburg im Breisgau, Stadt",de131,11580.0,19423.0,75858.0,73364.0,38754.0,12216.0
8315,Breisgau-Hochschwarzwald,de132,13023.0,24980.0,57703.0,91353.0,58575.0,17967.0
8316,Emmendingen,de133,8237.0,15671.0,36337.0,58890.0,36529.0,10744.0
8317,Ortenaukreis,de134,21255.0,40539.0,97963.0,149809.0,92015.0,29372.0
8325,Rottweil,de135,7017.0,13275.0,31767.0,48487.0,29790.0,9542.0
8326,Schwarzwald-Baar-Kreis,de136,10360.0,19360.0,49100.0,71187.0,46648.0,15851.0
8327,Tuttlingen,de137,7415.0,14224.0,33792.0,48292.0,27908.0,9135.0
8335,Konstanz,de138,13609.0,25450.0,72567.0,95970.0,59233.0,19476.0
8336,Lörrach,de139,11417.0,22176.0,51034.0,81260.0,47707.0,15142.0
8337,Waldshut,de13a,8373.0,16859.0,38092.0,58853.0,37318.0,11508.0
84,Regierungsbezirk Tübingen (R),de14,92780.0,173928.0,456126.0,641974.0,380506.0,118652.0
8415,Reutlingen,de141,14389.0,26908.0,66385.0,100381.0,59367.0,19604.0
8416,Tübingen,de142,11517.0,20500.0,67359.0,74689.0,42186.0,12427.0
8417,Zollernalbkreis,de143,8629.0,16886.0,42280.0,65775.0,41760.0,14033.0
8421,"Ulm, Stadt",de144,6143.0,11233.0,37545.0,41501.0,22949.0,7419.0
8425,Alb-Donau-Kreis,de145,10187.0,19357.0,46286.0,69568.0,39521.0,12157.0
8426,Biberach,de146,10918.0,20194.0,47873.0,70915.0,39644.0,11738.0
8435,Bodenseekreis,de147,10308.0,19600.0,48384.0,74946.0,49071.0,15161.0
8436,Ravensburg,de148,14387.0,27005.0,69383.0,98817.0,58282.0,17550.0
8437,Sigmaringen,de149,6302.0,12245.0,30631.0,45382.0,27726.0,8563.0
9,Bayern (BL),de2,638940.0,1160804.0,3134205.0,4636305.0,2722984.0,831499.0
91,Regierungsbezirk Oberbayern (R),de21,239832.0,429303.0,1165939.0,1680920.0,913046.0,281825.0
9161,"Ingolstadt, Stadt",de 211,7348.0,12189.0,36946.0,47433.0,25341.0,8135.0
9162,"München, Stadt",de 212,79289.0,123455.0,428500.0,520908.0,252625.0,79449.0
9163,"Rosenheim, Stadt",de 213,3173.0,5529.0,16846.0,21721.0,12485.0,3797.0
9171,Altötting,de214,5560.0,10171.0,24674.0,38826.0,24596.0,7689.0
9172,Berchtesgadener Land,de215,4870.0,8863.0,24213.0,35989.0,23999.0,7995.0
9173,Bad Tölz-Wolfratshausen,de216,6413.0,11873.0,28089.0,45644.0,27330.0,8568.0
9174,Dachau,de217,8110.0,14813.0,35923.0,57706.0,29629.0,8718.0
9175,Ebersberg,de218,7339.0,14993.0,31943.0,54073.0,26881.0,8420.0
9176,Eichstätt,de219,7521.0,13271.0,31932.0,47849.0,24991.0,7317.0
9177,Erding,de21a,7095.0,13322.0,32571.0,52900.0,25339.0,6955.0
9178,Freising,de21b,9347.0,16896.0,47364.0,67183.0,30829.0,8388.0
9179,Fürstenfeldbruck,de21c,10914.0,21333.0,47747.0,78793.0,45874.0,14650.0
9180,Garmisch-Partenkirchen,de21d,3944.0,7216.0,18951.0,30268.0,20791.0,7254.0
9181,Landsberg a.Lech,de21e,5814.0,11596.0,26575.0,44110.0,25061.0,7146.0
9182,Miesbach,de21f,4678.0,9053.0,21101.0,36111.0,21994.0,7073.0
9183,Mühldorf a.Inn,de21g,5732.0,10807.0,26957.0,41159.0,24455.0,6762.0
9184,München,de21h,17221.0,35989.0,79064.0,127041.0,68324.0,22834.0
9185,Neuburg-Schrobenhausen,de21i,4953.0,9360.0,22414.0,35147.0,19834.0,5595.0
9186,Pfaffenhofen a.d. Ilm,de21j,6798.0,12140.0,29980.0,47303.0,25051.0,6955.0
9187,Rosenheim,de21k,12589.0,24148.0,57885.0,92745.0,57382.0,16581.0
9188,Starnberg,de21l,6275.0,13824.0,27433.0,49023.0,30237.0,9875.0
9189,Traunstein,de21m,8217.0,15656.0,39329.0,61317.0,40204.0,12596.0
9190,Weilheim-Schongau,de21n,6632.0,12806.0,29502.0,47671.0,29794.0,9073.0
92,Regierungsbezirk Niederbayern (R),de22,57288.0,108907.0,289965.0,441876.0,270061.0,76072.0
9261,"Landshut, Stadt",de221,3437.0,6190.0,19121.0,25371.0,14495.0,4797.0
9262,"Passau, Stadt",de222,2079.0,3668.0,16576.0,15973.0,11052.0,3455.0
9263,"Straubing, Stadt",de223,2064.0,3780.0,11769.0,16686.0,10358.0,3134.0
9271,Deggendorf,de224,5244.0,10191.0,28269.0,42402.0,26176.0,7196.0
9272,Freyung-Grafenau,de225,3304.0,6259.0,17095.0,27856.0,18861.0,4987.0
9273,Kelheim,de226,6197.0,11776.0,29164.0,44539.0,24528.0,6854.0
9274,Landshut,de227,8154.0,15490.0,35928.0,59287.0,32478.0,8558.0
9275,Passau,de228,8294.0,16612.0,41791.0,68286.0,45211.0,12462.0
9276,Regen,de229,3418.0,6355.0,17033.0,26975.0,18463.0,5166.0
9277,Rottal-Inn,de22a,5532.0,10651.0,27751.0,42573.0,26893.0,8102.0
9278,Straubing-Bogen,de22b,4891.0,9372.0,22496.0,37010.0,21556.0,5795.0
9279,Dingolfing-Landau,de22c,4674.0,8563.0,22972.0,34918.0,19990.0,5566.0
93,Regierungsbezirk Oberpfalz (R),de23,52148.0,95560.0,264542.0,393979.0,236064.0,69809.0
9361,"Amberg, Stadt",de231,1822.0,3428.0,9884.0,14121.0,9590.0,3362.0
9362,"Regensburg, Stadt",de232,7114.0,11854.0,49733.0,49991.0,25967.0,8435.0
9363,"Weiden in der Oberpfalz, Stadt",de233,1904.0,3386.0,10266.0,14377.0,9556.0,3254.0
9371,Amberg-Sulzbach,de234,4804.0,8669.0,22657.0,36846.0,23023.0,7050.0
9372,Cham,de235,5736.0,10953.0,28535.0,45439.0,29005.0,8330.0
9373,Neumarkt in der Oberpfalz,de236,6682.0,12356.0,31174.0,48885.0,27625.0,7851.0
9374,Neustadt an der Waldnaab,de237,4536.0,7981.0,20719.0,33928.0,21159.0,6127.0
9375,Regensburg,de238,9600.0,18268.0,42447.0,71700.0,41339.0,10716.0
9376,Schwandorf,de239,6864.0,12736.0,33731.0,53297.0,31793.0,9451.0
9377,Tirschenreuth,de23a,3086.0,5929.0,15396.0,25395.0,17007.0,5233.0
94,Regierungsbezirk Oberfranken (R),de24,46479.0,87736.0,238708.0,372413.0,243300.0,76735.0
9461,"Bamberg, Stadt",de241,3715.0,5830.0,23639.0,24667.0,14502.0,5020.0
9462,"Bayreuth, Stadt",de242,2896.0,5156.0,23765.0,22370.0,15469.0,5127.0
9463,"Coburg, Stadt",de243,1701.0,3150.0,10239.0,13372.0,9323.0,3287.0
9464,"Hof, Stadt",de244,2209.0,3824.0,10750.0,14816.0,10676.0,3550.0
9471,Bamberg,de245,7310.0,13459.0,32449.0,54610.0,30931.0,8404.0
9472,Bayreuth,de246,4451.0,9054.0,20963.0,37772.0,24189.0,7235.0
9473,Coburg,de247,3841.0,7290.0,17693.0,30920.0,20513.0,6490.0
9474,Forchheim,de248,5561.0,10581.0,25031.0,42310.0,25474.0,7246.0
9475,Hof,de249,3694.0,7446.0,18323.0,33143.0,23862.0,8333.0
9476,Kronach,de24a,2457.0,5058.0,13213.0,24231.0,16400.0,5384.0
9477,Kulmbach,de24b,2747.0,5652.0,14403.0,25634.0,17580.0,5550.0
9478,Lichtenfels,de24c,2890.0,5546.0,14057.0,23797.0,15644.0,4842.0
9479,Wunsiedel im Fichtelgebirge,de24d,3007.0,5690.0,14183.0,24771.0,18737.0,6267.0
95,Regierungsbezirk Mittelfranken (R),de25,87836.0,156958.0,422876.0,624703.0,368996.0,113800.0
9561,"Ansbach, Stadt",de251,2161.0,3699.0,10065.0,14064.0,8921.0,2888.0
9562,"Erlangen, Stadt",de252,5400.0,9512.0,35417.0,36317.0,19191.0,6691.0
9563,"Fürth, Stadt",de253,6690.0,10847.0,31853.0,47335.0,24819.0,6953.0
9564,"Nürnberg, Stadt",de254,25696.0,44169.0,137016.0,177215.0,100777.0,33497.0
9565,"Schwabach, Stadt",de255,2072.0,3769.0,8880.0,14688.0,8834.0,2738.0
9571,Ansbach,de256,9148.0,16913.0,42003.0,65746.0,38890.0,11891.0
9572,Erlangen-Höchstadt,de257,7028.0,13449.0,28487.0,50039.0,30241.0,8018.0
9573,Fürth,de258,5890.0,10502.0,23448.0,42496.0,27253.0,8264.0
9574,Nürnberger Land,de259,8077.0,15191.0,35129.0,61854.0,38880.0,11661.0
9575,Neustadt an der Aisch-Bad Winsheim,de25a,4867.0,9063.0,22287.0,36094.0,22144.0,6559.0
9576,Roth,de25b,6187.0,11451.0,27250.0,45982.0,27822.0,8057.0
9577,Weißenburg-Gunzenhausen,de25c,4620.0,8393.0,21041.0,32873.0,21224.0,6583.0
96,Regierungsbezirk Unterfranken (R),de26,60783.0,111498.0,302167.0,457420.0,293924.0,91827.0
9661,"Aschaffenburg, Stadt",de261,3396.0,6012.0,17334.0,24657.0,15011.0,4592.0
9662,"Schweinfurt, Stadt",de262,2564.0,4683.0,13076.0,16779.0,11990.0,4334.0
9663,"Würzburg, Stadt",de263,5379.0,8237.0,43894.0,37617.0,23696.0,9111.0
9671,Aschaffenburg,de264,8123.0,15228.0,36806.0,63132.0,39101.0,11810.0
9672,Bad Kissingen,de265,4413.0,8559.0,21051.0,35544.0,25274.0,8394.0
9673,Rhön-Grabfeld,de266,3639.0,7030.0,17083.0,27729.0,18359.0,5795.0
9674,Haßberge,de267,3906.0,7434.0,18235.0,30232.0,19209.0,5368.0
9675,Kitzingen,de268,4374.0,7884.0,20609.0,32613.0,19640.0,6035.0
9676,Miltenberg,de269,5898.0,11468.0,27815.0,46380.0,28525.0,8657.0
9677,Main-Spessart,de26a,5545.0,10380.0,26105.0,44735.0,29984.0,9409.0
9678,Schweinfurt,de26b,5545.0,10038.0,25134.0,40516.0,26233.0,7979.0
9679,Würzburg,de26c,8001.0,14545.0,35025.0,57486.0,36902.0,10343.0
97,Regierungsbezirk Schwaben (R),de27,94574.0,170842.0,450008.0,664994.0,397593.0,121431.0
9761,"Augsburg, Stadt",de271,14299.0,24019.0,84583.0,99180.0,55740.0,18761.0
9762,"Kaufbeuren, Stadt",de272,2226.0,3894.0,10323.0,14824.0,9817.0,3314.0
9763,"Kempten (Allgäu), Stadt",de273,3372.0,5600.0,18163.0,22359.0,14773.0,4884.0
9764,"Memmingen, Stadt",de274,2122.0,3881.0,10482.0,15115.0,9453.0,3047.0
9771,Aichach-Friedberg,de275,7128.0,12949.0,29762.0,48980.0,27831.0,8005.0
9772,Augsburg,de276,13177.0,24058.0,55340.0,91323.0,54057.0,15513.0
9773,Dillingen an der Donau,de277,4696.0,8926.0,22201.0,34142.0,20492.0,6105.0
9774,Günzburg,de278,6284.0,11689.0,30065.0,45401.0,26155.0,7433.0
9775,Neu-Ulm,de279,8796.0,16126.0,41609.0,61598.0,36344.0,10731.0
9776,Lindau (Bodensee),de27a,3846.0,7156.0,17934.0,28960.0,18128.0,5957.0
9777,Ostallgäu,de27b,7230.0,13175.0,31675.0,49530.0,30722.0,8850.0
9778,Unterallgäu,de27c,7360.0,13369.0,33203.0,50985.0,30843.0,9581.0
9779,Donau-Ries,de27d,6400.0,12460.0,30976.0,47800.0,27780.0,8367.0
9780,Oberallgäu,de27e,7638.0,13540.0,33692.0,54797.0,35458.0,10883.0
10,Saarland (BL),dec,41034.0,79381.0,213909.0,335982.0,240786.0,75795.0
10041,Regionalverband Saarbrücken,dec01,14363.0,26365.0,78612.0,108636.0,76734.0,24004.0
10042,Merzig-Wadern,dec02,4066.0,8668.0,21284.0,36843.0,24843.0,7539.0
10043,Neunkirchen,dec03,5373.0,10373.0,27081.0,45304.0,32894.0,10383.0
10044,Saarlouis,dec04,8285.0,15864.0,40511.0,66547.0,48092.0,15020.0
10045,Saarpfalz-Kreis,dec05,5700.0,11383.0,29284.0,48135.0,35705.0,11989.0
10046,St. Wendel,dec06,3247.0,6728.0,17137.0,30517.0,22518.0,6860.0
11000,Berlin (BL),de3,193234.0,326311.0,964109.0,1276145.0,698465.0,211227.0
12,Brandenburg (BL),de4,108713.0,225684.0,441733.0,914109.0,634308.0,197346.0
12051,"Brandenburg an der Havel, Stadt",de421,3083.0,5788.0,14032.0,23818.0,18663.0,6800.0
12052,"Cottbus, Stadt",de422,4276.0,7994.0,21509.0,32465.0,24937.0,8497.0
12053,"Frankfurt (Oder), Stadt",de411,2289.0,4679.0,11858.0,18825.0,15124.0,4976.0
12054,"Potsdam, Stadt",de423,9749.0,17679.0,44577.0,62572.0,33986.0,11771.0
12060,Barnim,de412,8123.0,17505.0,31663.0,68626.0,46209.0,13118.0
12061,Dahme-Spreewald,de424,7792.0,15413.0,29550.0,63166.0,41403.0,13467.0
12062,Elbe-Elster,de425,3927.0,8011.0,15411.0,36060.0,29105.0,9313.0
12063,Havelland,de426,7081.0,15601.0,28998.0,61772.0,38564.0,10980.0
12064,Märkisch-Oderland,de413,8400.0,18176.0,30929.0,73913.0,49139.0,15194.0
12065,Oberhavel,de414,9232.0,19978.0,37125.0,80715.0,50607.0,15257.0
12066,Oberspreewald-Lausitz,de427,4238.0,8622.0,17129.0,38143.0,30911.0,10328.0
12067,Oder-Spree,de415,7515.0,15555.0,28289.0,63809.0,48239.0,15396.0
12068,Ostprignitz-Ruppin,de416,4008.0,8332.0,16463.0,35118.0,26968.0,7972.0
12069,Potsdam-Mittelmark,de428,9383.0,21670.0,35604.0,83103.0,51963.0,14843.0
12070,Prignitz,de417,2916.0,5866.0,12422.0,26281.0,21588.0,7085.0
12071,Spree-Neiße,de429,4292.0,9284.0,15920.0,40956.0,33381.0,9887.0
12072,Teltow-Fläming,de42a,7911.0,15690.0,31536.0,63541.0,39370.0,11949.0
12073,Uckermark,de418,4498.0,9841.0,18718.0,41226.0,34151.0,10513.0
13,Mecklenburg-Vorpommern (BL),de8,67491.0,138091.0,301484.0,559202.0,415186.0,126684.0
13003,"Rostock, Stadt",de803,9235.0,15928.0,55404.0,64828.0,46670.0,17126.0
13004,"Schwerin, Stadt",de804,4464.0,8305.0,20319.0,30745.0,23577.0,8243.0
13071,Mecklenburgische Seenplatte,de80j,10211.0,22258.0,43430.0,90073.0,70766.0,21336.0
13072,Rostock,de80k,9570.0,20342.0,34772.0,79734.0,55987.0,15389.0
13073,Vorpommern-Rügen,de80l,8587.0,18929.0,38091.0,79407.0,60983.0,18705.0
13074,Nordwestmecklenburg,de80m,6854.0,13976.0,28640.0,56890.0,39462.0,11500.0
13075,Vorpommern-Greifswald,de80n,9552.0,19810.0,45094.0,79757.0,62252.0,19158.0
13076,Ludwigslust-Parchim,de80o,9018.0,18543.0,35734.0,77768.0,55489.0,15227.0
14,Sachsen (BL),ded,184422.0,359660.0,800315.0,1359818.0,1018999.0,348757.0
145,Direktionsbezirk Chemnitz (früher) (R),ded1,58753.0,120617.0,244990.0,472471.0,397802.0,131747.0
14511,"Chemnitz, Stadt",ded11,11427.0,20414.0,53655.0,76096.0,62793.0,21949.0
14521,Erzgebirgskreis,ded14,13454.0,29456.0,51850.0,111700.0,97914.0,30574.0
14522,Mittelsachsen,ded15,12498.0,26343.0,51167.0,103044.0,83068.0,27979.0
14523,Vogtlandkreis,ded16,8712.0,18327.0,35778.0,75937.0,65559.0,21684.0
14524,Zwickau,ded17,12662.0,26077.0,52540.0,105694.0,88468.0,29561.0
146,Direktionsbezirk Dresden (früher) (R),ded2,73938.0,147019.0,311675.0,534597.0,390887.0,138450.0
14612,"Dresden, Stadt",ded21,29658.0,51935.0,148323.0,175921.0,109387.0,41556.0
14625,Bautzen,ded24,12995.0,27522.0,46285.0,104593.0,80743.0,27620.0
14626,Görlitz,ded25,9935.0,21846.0,39452.0,84118.0,72502.0,24872.0
14627,Meißen,ded26,10303.0,22306.0,37965.0,84906.0,63925.0,22312.0
14628,Sächsische Schweiz-Osterzgebirge,ded27,11047.0,23410.0,39650.0,85059.0,64330.0,22090.0
147,Direktionsbezirk Leipzig (früher) (R),ded3,51731.0,92024.0,243650.0,352750.0,230310.0,78560.0
14713,"Leipzig, Stadt",ded31,31764.0,50974.0,171004.0,188265.0,110384.0,40754.0
14729,"Leipzig, Landkreis",ded32,11286.0,23658.0,40234.0,93143.0,68375.0,21443.0
14730,Nordsachsen,ded33,8681.0,17392.0,32412.0,71342.0,51551.0,16363.0
15,Sachsen-Anhalt (BL),dee,89756.0,181024.0,402457.0,753117.0,586264.0,182164.0
15001,"Dessau-Roßlau, Stadt",dee01,3004.0,5978.0,13140.0,26052.0,23571.0,8358.0
15002,"Halle (Saale), Stadt",dee02,11526.0,20575.0,61479.0,72927.0,54242.0,18013.0
15003,"Magdeburg, Stadt",dee03,11075.0,19691.0,59628.0,74127.0,54468.0,18576.0
15081,Altmarkkreis Salzwedel,dee04,3471.0,7412.0,14127.0,30113.0,21494.0,6556.0
15082,Anhalt-Bitterfeld,dee05,6026.0,12413.0,25492.0,55806.0,45057.0,13692.0
15083,Börde,dee07,7219.0,15309.0,28676.0,63459.0,44149.0,12111.0
15084,Burgenlandkreis,dee08,7093.0,14194.0,29299.0,62237.0,49690.0,16333.0
15085,Harz,dee09,7980.0,16803.0,35466.0,74249.0,60389.0,18423.0
15086,Jerichower Land,dee06,3757.0,7551.0,14205.0,32606.0,24255.0,7215.0
15087,Mansfeld-Südharz,dee0a,4709.0,10566.0,20536.0,46451.0,40156.0,12524.0
15088,Saalekreis,dee0b,7600.0,16121.0,30185.0,66614.0,49633.0,13662.0
15089,Salzlandkreis,dee0c,7217.0,15153.0,31501.0,65888.0,52986.0,16380.0
15090,Stendal,dee0d,4398.0,9349.0,19223.0,39168.0,30088.0,8964.0
15091,Wittenberg,dee0e,4681.0,9909.0,19500.0,43420.0,36086.0,11357.0
16,Thüringen (BL),deg,90338.0,181978.0,397268.0,733338.0,560974.0,169482.0
16051,"Erfurt, Stadt",deg01,10246.0,18714.0,52208.0,70598.0,47870.0,14345.0
16052,"Gera, Stadt",deg02,3897.0,7534.0,16467.0,29813.0,26621.0,8793.0
16053,"Jena, Stadt",deg03,5355.0,9543.0,33455.0,33145.0,22301.0,7544.0
16054,"Suhl, Stadt",deg04,1262.0,2583.0,5989.0,11833.0,11706.0,3416.0
16055,"Weimar, Stadt",deg05,3097.0,6013.0,15672.0,21259.0,14377.0,4810.0
16056,"Eisennach, Stadt",deg0n,1881.0,3574.0,8185.0,14503.0,10467.0,3640.0
16061,Eichsfeld,deg06,4888.0,9566.0,18050.0,35305.0,25270.0,6927.0
16062,Nordhausen,deg07,3507.0,7092.0,15625.0,28083.0,22291.0,6818.0
16063,Wartburgkreis,deg0p,4930.0,10230.0,19822.0,42674.0,31960.0,9358.0
16064,Unstrut-Hainich-Kreis,deg09,4542.0,9277.0,17822.0,35775.0,26768.0,8048.0
16065,Kyffhäuserkreis,deg0a,2803.0,6066.0,12066.0,25794.0,21447.0,6036.0
16066,Schmalkalden-Meiningen,deg0b,4969.0,10341.0,21523.0,43881.0,34060.0,10142.0
16067,Gotha,deg0c,5717.0,11686.0,24273.0,47925.0,35092.0,10215.0
16068,Sömmerda,deg0d,3009.0,6226.0,11505.0,25273.0,18736.0,4678.0
16069,Hildburghausen,deg0e,2567.0,5253.0,10860.0,22948.0,16668.0,4901.0
16070,Ilm-Kreis,deg0f,4472.0,8997.0,20609.0,36119.0,27770.0,8282.0
16071,Weimarer Land,deg0g,3699.0,7955.0,13611.0,29896.0,21547.0,5448.0
16072,Sonneberg,deg0h,2032.0,4399.0,9417.0,20471.0,16135.0,5263.0
16073,Saalfeld-Rudolstadt,deg0i,3987.0,8032.0,16133.0,35548.0,29651.0,9848.0
16074,Saale-Holzland-Kreis,deg0j,3398.0,7280.0,13670.0,29728.0,22639.0,6235.0
16075,Saale-Orla-Kreis,deg0k,3191.0,6772.0,12970.0,28382.0,22173.0,6824.0
16076,Greiz,deg0l,3603.0,7881.0,14002.0,33832.0,28824.0,9256.0
16077,Altenburger Land,deg0m,3286.0,6964.0,13334.0,30553.0,26601.0,8655.0
<NA>,,,,,,,,
<NA>,,"© Statistisches Bundesamt (Destatis), Wiesbaden 2020",,,,,,
<NA>,,"     Vervielfältigung und Verbreitung, auch auszugsweise, mit Quellenangabe gestattet.",,,,,,
