ags,region,typ,unter 3 Jahre,3 bis unter 6 Jahre,6 bis unter 10 Jahre,10 bis unter 15 Jahre,15 bis unter 18 Jahre,18 bis unter 20 Jahre,20 bis unter 25 Jahre,25 bis unter 30 Jahre,30 bis unter 35 Jahre,35 bis unter 40 Jahre,40 bis unter 45 Jahre,45 bis unter 50 Jahre,50 bis unter 55 Jahre,55 bis unter 60 Jahre,60 bis unter 65 Jahre,65 bis unter 75 Jahre,75 Jahre und mehr,Insgesamt
01001,Flensburg, kreisfreie Stadt,2700,2450,3131,3691,2213,2137,8630,8081,5975,5030,4823,5132,6604,6194,5212,8596,9565,90164
01002,Kiel, kreisfreie Stadt,6922,6467,7786,9582,5788,5066,21773,24069,20158,16180,13748,14265,18048,16821,13844,21624,24653,246794
01003,Lübeck, kreisfreie Stadt,5680,5558,7009,8990,5436,4262,13609,14990,14356,13037,12055,13390,17347,16674,13602,22620,27915,216530
01004,Neumünster, kreisfreie Stadt,2145,2167,2814,3726,2268,1893,4826,5098,5157,4657,4520,4943,6492,6227,5139,8240,9884,80196
01051,Dithmarschen, Landkreis,3200,3318,4450,5996,4063,2884,7337,6805,6875,6787,6920,8431,11607,11425,9795,16129,17171,133193
01053,Herzogtum Lauenburg, Landkreis,5579,5889,7380,9519,6049,4151,9185,9332,10980,12044,11884,13206,17782,17033,13488,20063,24455,198019
01054,Nordfriesland, Landkreis,4053,4249,5325,7241,5096,3603,8803,9140,9224,8813,8771,10512,14555,14264,11871,19390,21041,165951
01055,Ostholstein, Landkreis,4381,4450,6320,8280,5539,3868,8605,8910,9527,10233,10561,12898,18015,17920,15305,26146,29581,200539
01056,Pinneberg, Landkreis,8926,9056,11684,15056,9274,6481,15934,16101,17898,19385,19511,21386,28436,26323,20487,31804,38361,316103
01057,Plön, Landkreis,3130,3292,4356,5878,3806,2635,5570,5335,6152,6679,6850,8326,11824,11524,9349,15686,18294,128686
01058,Rendsburg-Eckernförde, Landkreis,7117,7474,9829,13091,8562,6046,13058,12710,14259,15161,15265,18101,25414,23881,19091,31038,34001,274098
01059,Schleswig-Flensburg, Landkreis,5417,5580,7300,9595,6211,4276,9456,10034,10918,10778,11059,12730,18060,17340,13972,23353,25077,201156
01060,Segeberg, Landkreis,7574,7886,10318,12989,8252,5729,13557,14135,16385,17464,17146,18556,25224,22943,18168,28589,32260,277175
01061,Steinburg, Landkreis,3364,3483,4501,5897,3950,2743,6584,6754,7338,7024,6992,8641,12367,11973,9354,14007,16041,131013
01062,Stormarn, Landkreis,6518,7027,9467,11929,7221,5045,11115,10426,12666,14949,15380,16471,22496,20588,15889,25293,31676,244156
02000,Hamburg, kreisfreie Stadt,60938,57337,66823,79536,46252,34140,112172,146039,155763,141809,124554,120743,140413,126531,97844,152595,183764,1847253
03101,Braunschweig, kreisfreie Stadt,6881,6339,7843,9610,5925,4666,17305,21421,19469,16777,14500,15112,18745,17498,14940,23190,29185,249406
03102,Salzgitter, kreisfreie Stadt,3467,3310,4065,5074,3016,2256,6076,6216,6105,5955,5741,6174,7830,8115,6915,11191,12785,104291
03103,Wolfsburg, kreisfreie Stadt,3937,3898,4482,5296,3180,2196,6282,8301,9061,8631,7579,7409,9219,9355,7906,11881,15758,124371
03151,Gifhorn, Landkreis,5506,5590,6717,8626,5521,3789,8638,8957,10704,10937,10195,11493,15531,15839,12691,17628,18161,176523
03153,Goslar, Landkreis,2904,3012,3811,5232,3402,2810,7760,7608,7111,6797,6844,8472,11545,11517,10079,16941,20447,136292
03154,Helmstedt, Landkreis,2563,2457,3057,3992,2427,1737,4278,4605,5409,5481,5152,5787,7887,8079,6872,10249,11265,91297
03155,Northeim, Landkreis,3182,3357,4255,5567,3634,2633,6572,6572,6868,6932,6869,8222,11409,11970,10356,15834,18053,132285
03157,Peine, Landkreis,3970,4073,5108,6476,4160,3022,6705,6648,7775,7988,7849,9220,12109,11494,9207,13604,15393,134801
03158,Wolfenbüttel, Landkreis,3044,3133,3944,5103,3469,2531,6304,5980,6408,6418,6571,7881,10971,10521,8736,13445,15163,119622
03159,Göttingen, Landkreis,8248,8406,10432,13732,8741,7041,23242,22525,20395,18280,17002,19454,25216,26286,22723,35086,39232,326041
03241,Region Hannover, Landkreis,33309,33418,41462,51803,31361,23217,69734,77860,77788,74354,69562,73189,92802,88511,73148,111262,134335,1157115
03251,Diepholz, Landkreis,5917,6008,7728,10129,6547,4566,11034,11097,12245,12211,12064,14478,19778,18798,15398,23399,25692,217089
03252,Hameln-Pyrmont, Landkreis,3897,3955,5027,6537,4232,2917,7336,7626,7752,7955,7745,9150,12636,12936,10999,17022,20827,148549
03254,Hildesheim, Landkreis,7122,7129,9004,11938,8001,5907,16698,16188,15290,15143,14985,17420,23595,23249,19343,29918,34887,275817
03255,Holzminden, Landkreis,1692,1744,2258,2911,2043,1462,3648,3624,3646,3644,3472,4236,5971,6074,5298,8574,10161,70458
03256,Nienburg (Weser), Landkreis,3236,3375,4354,5767,3751,2669,6594,6394,6658,6584,6551,7792,10525,10808,8976,13079,14277,121390
03257,Schaumburg, Landkreis,3952,4160,5150,6864,4587,3334,8017,7849,8240,8646,8425,10075,14291,13877,11398,17745,21210,157820
03351,Celle, Landkreis,5025,5229,6600,8534,5507,3802,8804,9489,10464,10311,9889,11200,14687,14724,12454,20170,22122,179011
03352,Cuxhaven, Landkreis,5117,5164,6846,9067,5894,3908,9281,9323,10383,10496,10384,12903,17200,16832,14625,24838,25777,198038
03353,Harburg, Landkreis,7195,7444,9618,12129,7541,5233,12499,11880,13621,15323,15241,17165,23614,21972,16896,26633,30427,254431
03354,Lüchow-Dannenberg, Landkreis,1117,1176,1520,2091,1472,968,1980,2059,2324,2436,2468,2900,4117,4258,3913,6427,7186,48412
03355,Lüneburg, Landkreis,5113,5320,6820,8756,5496,4163,11451,10778,11141,11272,11211,12392,15977,15006,11775,18113,19355,184139
03356,Osterholz, Landkreis,3127,3326,4078,5238,3366,2340,5331,5059,5835,6589,6397,7499,10576,10131,8144,13034,13858,113928
03357,Rotenburg (Wümme), Landkreis,4564,4453,5645,7819,5343,3911,9069,8995,9603,9232,9112,10947,14484,14107,11389,17368,17741,163782
03359,Stade, Landkreis,6030,6091,7768,9768,6325,4466,11170,11232,12328,12190,12135,13476,17186,16752,13424,21554,22617,204512
03360,Uelzen, Landkreis,2171,2228,2918,4003,2688,1850,4712,4575,4800,4619,4922,6058,8034,8173,6965,10771,12902,92389
03361,Verden, Landkreis,4061,4228,5233,6510,4088,2962,7061,7118,7678,7950,7542,8941,11804,11458,9523,15191,15785,137133
03401,Delmenhorst, kreisfreie Stadt,2555,2455,2804,3575,2367,1641,4356,4731,4892,4435,4407,4992,6175,6070,5007,8256,8841,77559
03402,Emden, kreisfreie Stadt,1395,1448,1787,2211,1430,1151,3452,3507,3149,2916,2731,3136,3991,3767,3098,5354,5390,49913
03403,Oldenburg (Oldenburg), kreisfreie Stadt,4609,4454,5505,7055,4379,3752,13155,14714,12935,10602,9588,10200,13179,12371,10247,15603,16729,169077
03404,Osnabrück, kreisfreie Stadt,4618,4198,5304,6660,4053,3755,16133,15765,12233,10302,9042,10060,11793,11073,9486,13995,16781,165251
03405,Wilhelmshaven, kreisfreie Stadt,2015,1923,2328,2964,1843,1515,5274,5547,4609,3689,3576,4055,5885,6039,5028,8914,10885,76089
03451,Ammerland, Landkreis,3484,3605,4545,5907,3979,2786,6166,6292,6928,7045,6988,8289,10854,10420,8416,14105,15050,124859
03452,Aurich, Landkreis,5044,4959,6622,8670,5909,4282,10365,10026,10339,10015,10173,12843,16457,15983,13914,23166,20927,189694
03453,Cloppenburg, Landkreis,5884,5728,7110,9451,6277,4411,11232,11302,11111,10683,9971,11269,13764,13337,10784,14171,14197,170682
03454,Emsland, Landkreis,9955,9781,12257,16373,10757,7585,19170,20182,20998,19940,19506,22214,27300,25858,22134,31951,30993,326954
03455,Friesland, Landkreis,2474,2653,3333,4224,2898,2065,4755,4814,5147,4948,4977,6116,8774,8620,6926,12371,13609,98704
03456,Grafschaft Bentheim, Landkreis,4099,4020,5266,6915,4432,3080,7627,7861,8078,7978,7750,9129,11877,11296,9239,14129,14386,137162
03457,Leer, Landkreis,4957,4805,6159,8127,5382,3853,9593,9810,10336,9869,9370,11521,14527,14031,11633,18726,18057,170756
03458,Oldenburg, Landkreis,3665,3641,4732,6289,4124,3070,6822,6511,7099,7213,7494,9028,12267,11599,9124,13619,14593,130890
03459,Osnabrück, Landkreis,10810,10642,13486,17507,11486,8118,19551,19438,21120,20548,20521,23691,30306,30511,25159,35599,39587,358080
03460,Vechta, Landkreis,4830,4722,5929,7662,5051,3652,9806,9564,9686,8937,8625,9362,11499,11223,8793,11801,11672,142814
03461,Wesermarsch, Landkreis,2306,2269,2885,4000,2703,1920,4797,4751,4751,4492,4665,5721,7877,7933,6494,10159,10860,88583
03462,Wittmund, Landkreis,1363,1480,1940,2636,1716,1304,2906,2905,2955,2926,2926,3786,4767,4837,4343,7258,6878,56926
04011,Bremen, kreisfreie Stadt,17247,16134,19007,24224,14540,11728,37871,41744,41560,37233,33384,34744,43458,41130,34580,55049,63926,567559
04012,Bremerhaven, kreisfreie Stadt,3490,3505,4248,5388,3187,2452,7139,7343,7288,6766,6421,6851,8285,8641,7661,12175,12803,113643
05111,Düsseldorf, kreisfreie Stadt,19050,18259,21949,26240,14711,10311,33804,48850,53123,46490,40409,41175,48414,44065,35265,54592,65170,621877
05112,Duisburg, kreisfreie Stadt,15492,15015,18210,22911,14253,10347,30403,34671,33453,30700,29493,32034,38956,38293,32521,47255,54679,498686
05113,Essen, kreisfreie Stadt,17511,16972,20083,25308,15090,10881,33926,41842,41363,37495,33537,35751,44628,43516,38223,58610,68024,582760
05114,Krefeld, kreisfreie Stadt,6542,6406,8006,10342,6417,4726,12668,14575,13992,13429,12922,14496,19146,18313,15489,23083,26865,227417
05116,Mönchengladbach, kreisfreie Stadt,7673,7522,9172,11718,7472,5411,14961,17255,17543,15822,14813,16187,21085,21320,18133,26642,28305,261034
05117,Mülheim an der Ruhr, kreisfreie Stadt,4917,4807,6135,7360,4563,3126,8677,10106,10282,9946,9410,10636,14233,13856,11806,18403,22369,170632
05119,Oberhausen, kreisfreie Stadt,6027,5932,7365,9054,5642,3953,11337,13269,13433,13145,12394,13111,17106,17230,15236,22671,23859,210764
05120,Remscheid, kreisfreie Stadt,3218,3256,4001,5162,3242,2223,5949,6508,6565,6482,6455,7188,9463,9294,7626,11228,13478,111338
05122,Solingen, kreisfreie Stadt,4594,4631,5701,7484,4681,3273,8677,9459,9810,9648,9095,10047,13732,13405,10884,15090,19034,159245
05124,Wuppertal, kreisfreie Stadt,10731,10645,13165,16568,10172,7486,21854,24240,23782,22145,19972,21792,28181,27708,22797,33879,39983,355100
05154,Kleve, Landkreis,8623,8589,11038,14347,9278,6541,18059,19077,19180,18388,17472,20100,27427,26804,22229,32992,32321,312465
05158,Mettmann, Landkreis,13501,14058,17413,22401,13847,9399,23281,24091,26822,28361,27144,31030,42262,41665,33932,51631,64732,485570
05166,Viersen, Landkreis,7867,8055,10147,13403,8815,6068,14986,15813,16432,17191,16496,19234,27841,27438,22025,32073,34979,298863
05170,Wesel, Landkreis,12146,12371,15490,19950,12915,8827,21796,24699,26698,26067,25025,28765,39909,40975,35560,52906,55877,459976
05314,Bonn, kreisfreie Stadt,9799,9897,12608,15605,9187,7498,25577,26890,24755,22548,19760,20077,24340,22886,18652,27167,32427,329673
05315,Köln, kreisfreie Stadt,33253,31528,37827,46132,26596,20119,72124,93609,92436,81665,73096,72709,83892,74563,58893,89354,100067,1087863
05316,Leverkusen, kreisfreie Stadt,4866,4788,6126,7629,4878,3215,8597,9796,10066,10037,9764,10629,13903,13358,10610,15386,20081,163729
05334,Städteregion Aachen, Landkreis,15102,14693,18132,23332,14982,13601,47034,45019,36573,32254,29148,32538,42796,42022,35955,54327,59518,557026
05358,Düren, Landkreis,7688,7531,9434,12201,7665,5596,14960,15727,16023,15444,14677,16676,22303,22364,19435,28550,28364,264638
05366,Euskirchen, Landkreis,5472,5412,6829,8916,5804,4050,9933,10296,11068,11137,10883,12228,17012,17578,14562,21343,21133,193656
05370,Heinsberg, Landkreis,7221,7203,9116,11810,7762,5553,13389,14189,15153,15091,14642,16496,22086,22799,18973,26952,27120,255555
05512,Bottrop, kreisfreie Stadt,3176,3176,3864,5017,3279,2351,6144,6672,7195,6973,6752,7521,9953,9897,9009,13097,13489,117565
05513,Gelsenkirchen, kreisfreie Stadt,8352,7991,9802,12567,7737,5557,15108,16790,16598,15515,15160,16776,20081,19974,17774,26221,27642,259645
05515,Münster, kreisfreie Stadt,8825,8372,10210,12374,7420,7417,31560,30911,25497,21124,17689,17932,22207,21434,17779,25024,29518,315293
05554,Borken, Landkreis,11564,11175,14361,18759,12348,8386,21365,22761,22429,21908,21175,24163,32730,31709,25009,35110,36387,371339
05558,Coesfeld, Landkreis,6473,6582,7924,10438,6937,4975,11792,11514,12239,12715,12426,14230,19734,19474,16559,23208,23366,220586
05562,Recklinghausen, Landkreis,17082,16982,21127,26970,17503,12428,31601,33326,34849,35076,34905,39793,51919,51950,46873,69341,72412,614137
05566,Steinfurt, Landkreis,13667,13377,17008,22204,14548,10582,25875,25345,25956,26217,25403,29500,39611,38201,30670,43287,46769,448220
05570,Warendorf, Landkreis,7892,8131,10315,13637,9196,6419,14968,14656,15773,16059,15971,18344,23999,23384,19673,28448,30975,277840
05711,Bielefeld, kreisfreie Stadt,10184,9691,12339,15664,9692,7494,23328,24714,23673,21269,19388,20999,24826,24064,20159,29785,36926,334195
05754,Gütersloh, Landkreis,11009,10940,13816,17966,11775,8382,20823,21334,22338,22231,21611,24638,31440,30166,24315,33596,38558,364938
05758,Herford, Landkreis,7025,7146,9096,11899,7607,5333,13236,13507,14392,14650,14401,16237,21142,21280,17779,25402,30446,250578
05762,Höxter, Landkreis,3652,3744,4866,6764,4488,3074,7398,7357,7672,7560,7544,8738,12089,12333,10721,15340,16911,140251
05766,Lippe, Landkreis,10257,10330,13440,17401,10898,7658,19008,19089,19838,19355,18575,21115,28365,28628,24828,36078,42651,347514
05770,Minden-Lübbecke, Landkreis,8871,9151,11534,15217,9654,6815,16946,17343,17874,17391,16747,19711,25636,26322,22475,31588,37134,310409
05774,Paderborn, Landkreis,9235,9358,11580,14707,9349,7327,21467,22086,21299,19398,17948,19122,23772,23821,20819,27911,28640,307839
05911,Bochum, kreisfreie Stadt,9790,9407,11453,14263,8934,7317,24714,27831,26071,23157,19842,21502,27928,27480,24865,38081,42952,365587
05913,Dortmund, kreisfreie Stadt,17530,17025,20462,25600,15969,11850,38184,43520,41131,37981,34578,37053,45667,43534,37200,57086,63880,588250
05914,Hagen, kreisfreie Stadt,5831,5592,6962,8854,5727,4049,10594,11517,11466,10953,10503,11608,15131,15136,12735,19207,22821,188686
05915,Hamm, kreisfreie Stadt,5174,5233,6714,8783,5552,4167,11192,11119,11067,10946,11055,11718,13916,13593,11941,18176,19570,179916
05916,Herne, kreisfreie Stadt,4476,4314,5423,6805,4444,3512,9189,9950,9591,9270,9070,10579,12459,12487,10616,16317,17947,156449
05966,Olpe, Landkreis,3763,3809,4800,6305,4173,2983,7262,7798,7872,7953,7724,8774,11952,11669,9631,13253,14234,133955
05970,Siegen-Wittgenstein, Landkreis,8063,7696,9696,12096,7777,5741,17827,18143,17301,16225,15148,16698,22180,22582,19447,29003,31321,276944
05974,Soest, Landkreis,8439,8493,10778,14337,9406,6492,16209,16885,17548,17760,17217,19713,25915,25744,21725,31042,34082,301785
05978,Unna, Landkreis,10897,10822,13542,17817,11395,8033,20650,21187,22364,22566,22843,25301,33465,33739,29518,43623,47129,394891
06411,Darmstadt, kreisfreie Stadt,4864,4465,5625,6785,3859,3439,15026,16382,13360,10530,9082,9170,10833,10283,8559,12997,14619,159878
06412,Frankfurt am Main, kreisfreie Stadt,25874,23582,28312,33104,18516,12987,45191,65758,72205,64694,56304,53163,57265,49219,38183,58926,60097,763380
06413,Offenbach am Main, kreisfreie Stadt,4696,4264,5216,6358,3758,2494,8198,10392,10940,9775,8863,8540,9561,8854,7066,10497,10808,130280
06414,Wiesbaden, kreisfreie Stadt,9114,8839,10459,13391,7901,5592,17050,18093,18533,18554,17828,18441,21950,20320,16508,25668,30233,278474
06431,Bergstraße, Landkreis,7645,7485,9505,11736,7621,5281,13727,14481,15845,16087,15555,17435,23597,23889,19683,29729,31039,270340
06432,Darmstadt-Dieburg, Landkreis,8591,8972,11183,13732,8650,6219,16076,16512,17491,18367,18295,19570,26148,25136,20371,31128,31403,297844
06433,Groß-Gerau, Landkreis,8827,8806,10693,13112,7894,5755,15874,17151,18546,18664,18085,18372,22686,21220,16715,25724,27602,275726
06438,Offenbach, Landkreis,10859,10875,13363,16985,10223,7116,18641,20040,22072,23144,22651,23895,29454,27983,22819,35946,39747,355813
06531,Gießen, Landkreis,7741,7490,8984,11366,7100,6095,23473,21906,19024,16449,14700,15634,19804,20638,17395,26143,26746,270688
06533,Limburg-Weilburg, Landkreis,4631,4564,6016,8009,5325,3718,9203,9613,10134,10125,9850,11057,14759,14958,12419,18615,18916,171912
06534,Marburg-Biedenkopf, Landkreis,6426,6618,8467,10998,6917,6052,20473,18475,16168,14639,13775,15020,18632,19325,16076,23891,25132,247084
06611,Kassel, kreisfreie Stadt,6130,5702,6822,8462,5093,4221,16165,17815,15712,12859,11033,11769,14333,14318,12050,18681,20972,202137
06631,Fulda, Landkreis,6296,6374,8059,10228,6760,4974,13473,14189,13714,13178,12455,14453,18213,18033,15188,22073,25485,223145
06632,Hersfeld-Rotenburg, Landkreis,3166,3345,4123,5490,3407,2375,6087,6465,6902,6679,6502,7865,9824,10294,8890,14033,15272,120719
06633,Kassel, Landkreis,6201,6257,8050,10218,6467,4705,11150,11612,12825,13244,12911,15346,20603,20335,17493,28282,31065,236764
06635,Waldeck-Frankenberg, Landkreis,4084,4196,5375,7146,4630,3239,7952,8394,8526,8585,8553,9987,13292,13998,11781,17444,19224,156406
07111,Koblenz, kreisfreie Stadt,3142,2960,3646,4371,2640,2269,8820,9861,8874,7318,6222,6257,7970,7982,6886,11179,13655,114052
07131,Ahrweiler, Landkreis,3528,3430,4346,5331,3438,2614,6716,7045,7122,7100,6852,7732,11183,11569,9779,14944,17357,130086
07132,Altenkirchen (Westerwald), Landkreis,3601,3550,4608,5883,3623,2639,6798,7329,7347,7366,7038,8169,10896,11355,9552,14125,14926,128805
07133,Bad Kreuznach, Landkreis,4371,4317,5587,7043,4452,3209,7764,8486,9083,8964,8702,9898,13310,13917,11810,18532,18900,158345
07134,Birkenfeld, Landkreis,2272,2154,2596,3433,2201,1768,4109,4499,4598,4446,4176,4819,6447,7154,6525,9604,10150,80951
07135,Cochem-Zell, Landkreis,1509,1478,1880,2602,1738,1300,2947,3189,3393,3237,3144,3871,5384,5712,4818,7241,7932,61375
07137,Mayen-Koblenz, Landkreis,5995,6149,7460,9463,6066,4390,11063,12024,12958,12950,12191,13316,18313,18575,15874,23547,24100,214434
07138,Neuwied, Landkreis,5345,5183,6606,8488,5498,3879,9559,10188,10464,10374,9955,11240,15449,16007,13593,19872,21111,182811
07211,Trier, kreisfreie Stadt,2898,2857,3404,4276,2566,2578,10677,10924,9357,7771,6374,6257,7719,7516,6548,9261,10545,111528
07231,Bernkastel-Wittlich, Landkreis,3068,3148,3863,4899,3214,2206,5485,6090,6375,6522,6332,7318,9350,10085,8449,12864,13215,112483
07233,Vulkaneifel, Landkreis,1444,1522,1983,2564,1720,1198,3011,3227,3362,3182,3259,3621,5062,5533,4971,7324,7663,60646
07235,Trier-Saarburg, Landkreis,4081,4349,5577,7160,4307,2938,6991,7856,8732,9472,9160,9986,13174,13120,10962,15682,15851,149398
07311,Frankenthal (Pfalz), kreisfreie Stadt,1474,1518,1807,2149,1351,962,2559,3048,3170,3037,2898,2950,3730,3676,3274,4896,6263,48762
07312,Kaiserslautern, kreisfreie Stadt,2909,2607,3072,3878,2394,2045,8771,9414,7275,5850,5117,5402,6963,7472,6425,9737,10699,100030
07313,Landau in der Pfalz, kreisfreie Stadt,1252,1219,1479,1921,1120,1098,4582,3831,3200,2698,2400,2782,3611,3581,2984,4317,4806,46881
07314,Ludwigshafen am Rhein, kreisfreie Stadt,5819,5737,6881,8285,4959,3466,10737,12210,12473,11554,10760,11067,13137,12635,10130,14995,17408,172253
07315,Mainz, kreisfreie Stadt,6255,5718,6946,8370,4927,4309,19828,22035,19763,16085,13072,12702,14762,13848,11547,17860,20551,218578
07316,Neustadt an der Weinstraße, kreisfreie Stadt,1479,1520,1810,2233,1469,1036,2490,3067,3239,2976,2650,3142,4363,4618,4050,5939,7183,53264
07317,Pirmasens, kreisfreie Stadt,1016,1115,1295,1687,1033,762,2282,2361,2342,2032,2048,2291,3065,3459,3073,4716,5654,40231
07318,Speyer, kreisfreie Stadt,1374,1335,1778,2202,1410,1056,2565,2942,3150,2988,2903,3209,4147,4259,3642,5531,6070,50561
07319,Worms, kreisfreie Stadt,2620,2511,3107,3907,2343,1735,5339,5697,5305,5111,5051,5214,6244,6439,5737,8380,8802,83542
07320,Zweibrücken, kreisfreie Stadt,889,895,1161,1448,933,708,1896,2215,2307,2078,1888,1936,2526,2778,2525,3778,4232,34193
07331,Alzey-Worms, Landkreis,3799,3827,4826,5927,3859,2801,6498,6777,7762,7940,7665,8420,11289,11648,10115,14156,12378,129687
07332,Bad Dürkheim, Landkreis,3410,3526,4412,5630,3610,2576,5908,6391,6882,7375,7300,8433,11868,12358,10504,15885,16603,132671
07334,Germersheim, Landkreis,3806,3822,4646,5991,3660,2585,7039,7422,8003,8383,7515,8602,10930,11103,9445,13065,12996,129013
07335,Kaiserslautern, Landkreis,3549,3188,3927,4921,3069,2246,5076,5558,6225,6220,5965,6444,8562,9416,8326,11651,11636,105979
07336,Kusel, Landkreis,1925,1816,2313,2921,1847,1352,3330,3629,3867,3831,3684,4231,5805,6603,5951,8681,8433,70219
07337,Südliche Weinstraße, Landkreis,2844,2980,3849,4705,3030,2195,5135,5440,6016,6364,6131,7069,9838,10310,8557,13127,12931,110521
07339,Mainz-Bingen, Landkreis,5937,6327,8130,10088,6292,4339,10348,10358,11590,13027,12899,14618,18963,18591,15411,22369,22130,211417
07340,Südwestpfalz, Landkreis,2190,2297,2964,3638,2400,1745,4250,4751,5048,5069,4888,5842,8360,9120,8032,11633,12604,94831
08111,Stuttgart, kreisfreie Stadt,18709,17042,20681,26246,15147,11671,41942,58301,59314,49871,42307,41628,44947,41589,32669,50557,63290,635911
08115,Böblingen, Landkreis,12610,12489,15148,18683,11635,7891,20924,24310,26861,26230,24788,26074,31591,30182,24800,35689,42902,392807
08116,Esslingen, Landkreis,15625,15254,19146,24782,15464,10949,31202,34321,35206,34272,33159,35957,44013,42249,33533,49938,59954,535024
08117,Göppingen, Landkreis,7605,7446,9267,12001,7573,5368,14280,15403,15933,15812,15028,16839,21197,20996,17395,25947,30055,258145
08118,Ludwigsburg, Landkreis,17129,16722,20649,25658,15974,11064,29074,34204,37239,36304,34762,36625,44937,42051,34356,49982,58693,545423
08121,Heilbronn, kreisfreie Stadt,4007,3805,4717,5983,3630,2588,8481,9727,9422,8433,7979,8126,8974,8784,7382,11135,13419,126592
08125,Heilbronn, Landkreis,10698,10407,12749,16306,10438,7317,18974,20766,22437,22393,21412,23372,28721,28478,23004,32871,34113,344456
08127,Schwäbisch Hall, Landkreis,6112,5989,7367,9472,6162,4249,11025,12260,13077,12679,11579,12746,15883,15994,13719,19330,19118,196761
08135,Heidenheim, Landkreis,3785,3803,4853,6344,4077,2844,7351,7843,8150,8228,7741,8450,10447,10694,9026,13365,15776,132777
08211,Baden-Baden, kreisfreie Stadt,1376,1381,1662,2244,1414,1025,2751,3034,3125,3246,3156,3460,4537,4560,3831,6363,8020,55185
08212,Karlsruhe, kreisfreie Stadt,8205,7853,9604,11890,7174,6941,27442,29206,25447,21939,18352,19011,22484,21402,17223,26407,31480,312060
08215,Karlsruhe, Landkreis,12374,12650,16199,20300,12669,8896,23593,25431,27448,27957,26465,29676,37710,37880,30638,46143,49072,445101
08216,Rastatt, Landkreis,6419,6442,8057,10379,6739,4751,11917,13017,13927,14347,13524,15086,19302,20133,16919,24305,26156,231420
08221,Heidelberg, kreisfreie Stadt,4826,4169,4902,5988,3347,4073,17392,16647,14971,12570,9444,8705,10121,9643,8011,12371,14305,161485
08222,Mannheim, kreisfreie Stadt,9241,8540,10034,12571,7585,6618,24318,26669,25305,22061,18908,19531,22845,21711,17727,26849,30145,310658
08231,Pforzheim, kreisfreie Stadt,4214,3985,4746,6037,3715,2687,8093,9223,9056,8169,7391,7728,8931,9007,7642,11514,13819,125957
08235,Calw, Landkreis,4563,4675,5834,7493,4945,3415,8813,8948,9659,9509,9267,10322,13139,13794,11276,16155,17394,159201
08237,Freudenstadt, Landkreis,3354,3286,4252,5696,3708,2640,6537,7064,7003,7031,6737,7727,9898,10213,8509,11703,12885,118243
08311,Freiburg im Breisgau, kreisfreie Stadt,7222,6419,7955,9407,5754,5230,21660,22928,20286,16525,13255,13209,15557,14818,12473,18055,20442,231195
08315,Breisgau-Hochschwarzwald, Landkreis,7772,7783,9918,12530,7907,5531,14211,14734,15320,15855,15032,16582,22083,21801,18310,27906,30326,263601
08316,Emmendingen, Landkreis,4918,4900,6113,7977,4928,3467,8823,9220,9899,10308,9629,10715,14084,14154,11832,17325,18116,166408
08325,Rottweil, Landkreis,4161,4159,5178,6794,4341,3019,7641,8305,8461,8183,7818,8989,11667,11830,9693,13750,15889,139878
08327,Tuttlingen, Landkreis,4463,4387,5566,7223,4540,3086,8032,8756,9378,8885,8499,8994,10929,10985,9330,12984,14729,140766
08335,Konstanz, Landkreis,8137,8077,9992,12853,8022,6720,20979,19003,17843,17109,15839,17374,22993,22655,18471,27703,32535,286305
08336,Lörrach, Landkreis,6835,6822,8808,11128,6901,4646,11912,13278,14297,14270,13382,14759,19357,19492,15850,22080,24919,228736
08337,Waldshut, Landkreis,4927,5188,6612,8505,5417,3629,8891,9807,10348,10550,9764,10697,13747,14095,12138,17830,18858,171003
08415,Reutlingen, Landkreis,8666,8467,10495,13669,8583,6092,16625,17151,17934,17853,16868,18901,23537,23222,19336,27578,32057,287034
08416,Tübingen, Landkreis,6896,6709,8144,10268,6425,5702,20037,18693,16502,14699,12507,13519,16853,17111,14376,19790,20447,228678
08421,Ulm, kreisfreie Stadt,3801,3501,4534,5540,3274,2744,10149,11153,10225,8719,7858,7874,8878,8172,6971,10913,12484,126790
08426,Biberach, Landkreis,6619,6436,7955,10102,6501,4237,11396,12370,13369,13067,12051,13441,16506,15850,13519,18621,19242,201282
08436,Ravensburg, Landkreis,8724,8428,10539,13701,8825,6468,17744,18092,18254,17566,16595,18872,23232,22552,18791,27488,29553,285424
08437,Sigmaringen, Landkreis,3809,3756,4691,6291,4066,2897,7905,7856,7907,7622,7145,8367,10879,11369,9253,13011,14025,130849
09161,Ingolstadt, kreisfreie Stadt,4580,4138,4980,5839,3669,2566,8188,10664,11859,10273,9068,8811,9904,9377,8081,11782,13613,137392
09162,München, kreisfreie Stadt,49460,43810,51007,58467,33026,25469,94262,134897,140846,119702,101804,97814,107844,93744,72989,119222,139863,1484226
09163,Rosenheim, kreisfreie Stadt,1998,1736,2189,2779,1740,1274,4163,4837,4832,4308,3995,4027,4844,4547,3496,6063,6723,63551
09171,Altötting, Landkreis,3381,3245,4045,5060,3293,2187,6113,6406,6675,6919,6300,7239,9058,9310,7783,11727,12775,111516
09172,Berchtesgadener Land, Landkreis,2960,2857,3498,4418,2755,1999,6020,6616,6823,6568,6106,6462,8508,8345,6786,11460,13748,105929
09173,Bad Tölz-Wolfratshausen, Landkreis,3861,3772,4677,5976,3743,2654,6941,7118,7633,7874,7756,8387,11219,10408,8358,12666,14874,127917
09174,Dachau, Landkreis,4924,4694,6066,7239,4489,3081,8687,9364,10302,10887,10588,10679,13244,12308,9473,13865,15009,154899
09175,Ebersberg, Landkreis,4303,4686,5935,7408,4341,3133,8067,7906,8496,9650,9937,10312,12873,11301,8454,12125,14722,143649
09176,Eichstätt, Landkreis,4522,4370,5418,6482,4129,2919,7908,8060,8916,9082,8675,8771,10830,10491,8712,11643,11953,132881
09177,Erding, Landkreis,4212,4298,5231,6676,4398,3000,8100,8372,8701,9236,9368,10088,12679,11529,8600,12016,11678,138182
09178,Freising, Landkreis,5656,5405,6878,8304,5235,3824,12171,13101,13033,12810,12235,12695,15553,13890,10477,14094,14646,180007
09179,Fürstenfeldbruck, Landkreis,6560,6505,8674,10508,6336,4437,11635,12134,13205,14088,14314,14929,18532,16930,13010,21373,26141,219311
09180,Garmisch-Partenkirchen, Landkreis,2379,2312,2857,3612,2281,1746,4743,5131,5050,4961,4902,5492,7549,7364,5753,9885,12407,88424
09181,Landsberg am Lech, Landkreis,3389,3586,4568,5867,3764,2650,6778,6481,6902,7273,7263,8133,10981,10460,7997,11805,12405,120302
09182,Miesbach, Landkreis,2790,2819,3518,4604,2821,1945,5143,5447,5745,5960,6084,6735,8967,8365,6442,10146,12479,100010
09183,Mühldorf am Inn, Landkreis,3428,3481,4328,5302,3381,2389,6679,7175,7333,7166,7137,7669,9652,9535,7969,11493,11755,115872
09184,München, Landkreis,9931,10899,14142,18238,10375,7080,20621,19916,21072,22971,23860,24678,29974,25558,19347,31029,40782,350473
09185,Neuburg-Schrobenhausen, Landkreis,2957,2968,3822,4566,2909,2082,5446,5848,6129,6469,6250,6459,7950,8019,6667,9187,9575,97303
09186,Pfaffenhofen an der Ilm, Landkreis,4141,3981,4936,5880,3695,2622,7092,7720,8851,9112,8339,8459,10781,10612,8484,11708,11814,128227
09187,Rosenheim, Landkreis,7603,7471,9652,12011,7924,5415,14147,14889,15510,15700,15268,17420,22683,21674,17623,27177,29163,261330
09188,Starnberg, Landkreis,3646,3961,5406,7086,4323,2975,6928,6607,6600,7830,8302,9427,12346,11118,8611,13688,17813,136667
09189,Traunstein, Landkreis,4972,4851,5998,8052,5065,3459,9703,10506,10596,10447,10098,11330,14504,14938,12194,19273,21333,177319
09190,Weilheim-Schongau, Landkreis,3904,4036,5107,6391,4010,2879,7182,7473,7958,8158,7774,8611,11649,11479,9243,13908,15716,135478
09261,Landshut, kreisfreie Stadt,2070,2022,2473,3062,1874,1365,4723,5627,5532,4949,4812,4791,5664,5155,4274,6989,8029,73411
09262,Passau, kreisfreie Stadt,1260,1201,1452,1834,1182,1085,5158,5023,4128,3338,2717,2869,3464,3585,3214,5328,5965,52803
09263,Straubing, kreisfreie Stadt,1278,1168,1432,1966,1151,910,2786,3513,3409,3168,2905,3086,3667,3860,3191,5074,5227,47791
09271,Deggendorf, Landkreis,3127,3107,4139,5062,3471,2560,7327,7656,7255,7452,7031,8032,9747,10140,8621,12656,12095,119478
09272,Freyung-Grafenau, Landkreis,1997,1983,2441,3142,2303,1577,4412,4504,4299,4515,4307,5293,6559,7182,6402,9189,8257,78362
09273,Kelheim, Landkreis,3756,3623,4642,5952,3732,2709,7183,7598,7942,8108,7799,8399,10234,9999,8271,11659,11452,123058
09274,Landshut, Landkreis,4813,4943,6140,7748,4750,3409,8911,9076,9782,10300,10265,11322,13943,13457,10857,15540,14639,159895
09275,Passau, Landkreis,4861,5090,6658,8297,5521,3866,10495,10874,11035,11510,11242,13010,16003,16521,14486,22013,21174,192656
09276,Regen, Landkreis,2033,2031,2490,3219,2142,1689,4136,4493,4573,4467,4403,5082,6371,6652,6091,9177,8361,77410
09277,Rottal-Inn, Landkreis,3321,3269,4190,5403,3541,2525,7243,7302,7140,7379,7001,8050,9925,10218,8801,12791,13403,121502
09278,Straubing-Bogen, Landkreis,2943,2904,3645,4771,3056,2196,5475,5664,6105,6261,6237,7162,8674,8676,7299,10342,9710,101120
09279,Dingolfing-Landau, Landkreis,2886,2689,3327,4335,2812,2041,5390,6255,6474,6250,5970,6575,7880,8243,6974,9378,9204,96683
09361,Amberg, kreisfreie Stadt,1149,1011,1317,1773,1089,823,2387,2825,2760,2538,2350,2509,3293,3431,2975,4706,5271,42207
09362,Regensburg, kreisfreie Stadt,4502,3929,4763,5774,3268,2935,12605,16092,14833,11490,9181,9215,10314,9791,8043,12179,14180,153094
09363,Weiden in der Oberpfalz, kreisfreie Stadt,1191,1043,1357,1699,1132,882,2689,2869,2694,2554,2329,2651,3427,3416,2869,4637,5304,42743
09371,Amberg-Sulzbach, Landkreis,3030,2598,3375,4470,2951,2170,5672,5727,6137,5886,5784,6740,8948,9488,8034,10782,11257,103049
09372,Cham, Landkreis,3438,3471,4309,5471,3525,2623,7169,7505,7713,7692,7395,8623,10541,11188,9616,14199,13520,127998
09373,Neumarkt in der Oberpfalz, Landkreis,4072,3901,4951,6114,3856,2960,7854,8227,8277,8533,8106,9104,11604,11538,9499,13061,12916,134573
09374,Neustadt an der Waldnaab, Landkreis,2868,2428,3122,4099,2730,1964,5165,5319,5541,5663,5310,6167,8272,8516,7162,10168,9956,94450
09375,Regensburg, Landkreis,5660,5848,7287,9073,5734,3931,10465,10791,11526,12441,12357,13543,16768,16591,13877,19823,18355,194070
09376,Schwandorf, Landkreis,4126,4030,5073,6371,4225,3065,8390,8968,9083,9130,9029,10051,12257,12830,10574,15308,15362,147872
09377,Tirschenreuth, Landkreis,1828,1873,2375,2939,1939,1413,3842,4121,4081,4033,3976,4731,6153,6502,5598,8113,8529,72046
09461,Bamberg, kreisfreie Stadt,2362,1961,2418,2804,1712,1382,5986,7461,7098,5125,4252,4414,5380,5496,4542,6764,8216,77373
09462,Bayreuth, kreisfreie Stadt,1795,1627,2001,2629,1607,1933,8211,6910,5104,4209,3916,4105,5072,5068,4496,7527,8573,74783
09463,Coburg, kreisfreie Stadt,1052,987,1178,1634,959,826,2672,2884,2898,2448,2095,2395,3116,3318,2905,4381,5324,41072
09464,Hof, kreisfreie Stadt,1315,1310,1597,1811,1190,978,2810,2890,2882,2584,2456,2779,3476,3521,3143,5238,5845,45825
09471,Bamberg, Landkreis,4361,4365,5316,6727,4305,3015,7704,8349,9076,9428,8916,10095,12921,13250,10803,14717,13815,147163
09472,Bayreuth, Landkreis,2665,2668,3596,4576,2996,2084,5044,5216,5623,6205,5836,7226,9133,9372,7927,11562,11935,103664
09473,Coburg, Landkreis,2328,2318,2877,3608,2372,1730,4086,4412,5093,5153,4787,5582,7561,7837,6682,9860,10461,86747
09474,Forchheim, Landkreis,3272,3370,4219,5281,3330,2403,6067,6372,6859,7282,6975,7450,9983,10620,8702,12058,11960,116203
09475,Hof, Landkreis,2208,2251,2884,3797,2610,1791,4522,4674,4726,5053,4888,6255,8259,8688,7521,11412,13262,94801
09476,Kronach, Landkreis,1449,1483,2036,2547,1796,1328,3172,3416,3501,3656,3704,4610,6000,6261,5407,7911,8466,66743
09477,Kulmbach, Landkreis,1677,1619,2123,2980,1975,1387,3573,3690,3778,3907,3994,4848,6415,6470,5695,8612,8823,71566
09478,Lichtenfels, Landkreis,1710,1755,2211,2760,1760,1257,3485,3793,3762,3816,3868,4435,5659,6019,5171,7372,7943,66776
09479,Wunsiedel im Fichtelgebirge, Landkreis,1831,1738,2255,2873,1929,1382,3526,3724,3622,3864,3722,4505,6129,6551,5751,9077,10176,72655
09561,Ansbach, kreisfreie Stadt,1359,1216,1426,1859,1113,860,2573,2852,2667,2580,2409,2557,3222,3296,2843,4195,4771,41798
09562,Erlangen, kreisfreie Stadt,3221,3179,3820,4692,2806,2264,9521,11343,9483,7824,6418,6535,8006,7534,6008,8885,10989,112528
09563,Fürth, kreisfreie Stadt,4086,3802,4352,5297,3305,2513,7496,8963,9576,9386,8619,8592,10570,10168,8120,11589,12063,128497
09564,Nürnberg, kreisfreie Stadt,15753,14764,17687,21661,13046,9674,32479,41110,40707,36682,32998,33070,38496,35969,30085,47952,56237,518370
09565,Schwabach, kreisfreie Stadt,1247,1233,1497,1864,1121,830,2163,2273,2493,2561,2466,2642,3665,3354,2633,4142,4797,40981
09571,Ansbach, Landkreis,5510,5317,6572,8662,5516,3863,10584,10785,11255,11457,10825,12204,15428,15832,13339,18509,18933,184591
09572,Erlangen-Höchstadt, Landkreis,4126,4320,5459,6572,3952,2778,6720,6953,8084,9147,8682,9118,11528,11564,9875,14315,14069,137262
09573,Fürth, Landkreis,3471,3523,4306,5092,3064,2228,5654,5820,6682,7374,7242,7551,10246,10083,8317,13066,14134,117853
09574,Nürnberger Land, Landkreis,4754,4887,6119,7508,4874,3335,8527,8602,9791,10733,10146,11410,14944,14621,12142,18325,20074,170792
09575,Neustadt an der Aisch-Bad Windsheim, Landkreis,2891,2884,3620,4535,3014,2075,5519,5618,6061,6368,5820,6517,8609,8780,7406,10725,10572,101014
09576,Roth, Landkreis,3688,3725,4566,5659,3602,2652,6781,6705,7510,7681,7528,8387,11344,11042,9108,13032,13739,126749
09577,Weißenburg-Gunzenhausen, Landkreis,2768,2681,3280,4284,2877,1999,5053,5299,5813,5522,5456,5841,7691,8363,6985,10149,10673,94734
09661,Aschaffenburg, kreisfreie Stadt,2116,1921,2342,3029,1854,1350,3978,4962,5190,4747,4283,4559,5568,5500,4745,7185,7673,71002
09662,Schweinfurt, kreisfreie Stadt,1546,1488,1832,2381,1353,1127,3442,3620,3534,3258,2910,2983,3707,3921,3584,5651,7089,53426
09663,Würzburg, kreisfreie Stadt,3382,2963,3298,3973,2425,2696,13412,13988,11373,8281,6529,6389,8169,8249,7075,11219,14513,127934
09671,Aschaffenburg, Landkreis,4935,4748,5972,7696,5053,3451,8691,9485,10126,10556,9988,11334,15504,15750,12877,18646,19388,174200
09672,Bad Kissingen, Landkreis,2667,2596,3393,4316,2889,1990,5128,5303,5741,5772,5524,6401,8595,9252,8043,12224,13401,103235
09673,Rhön-Grabfeld, Landkreis,2116,2211,2770,3572,2385,1660,4116,4433,4489,4655,4280,5048,6588,7158,6173,8965,9016,79635
09674,Haßberge, Landkreis,2319,2381,2964,3676,2473,1752,4452,4605,4953,5201,4646,5356,7164,7865,6611,9253,8713,84384
09675,Kitzingen, Landkreis,2606,2557,3140,3955,2667,1873,4880,5489,5700,5687,5382,5854,7762,7928,6566,9583,9526,91155
09676,Miltenberg, Landkreis,3535,3514,4541,5776,3782,2725,6877,7120,7311,7672,7450,8707,11302,11249,9311,13648,14223,128743
09677,Main-Spessart, Landkreis,3319,3286,4080,5240,3558,2416,6334,6677,7120,7182,7018,8037,10979,11519,9892,14535,14966,126158
09678,Schweinfurt, Landkreis,3332,3294,3998,4959,3322,2340,5906,6521,7045,7002,6351,7158,9646,10359,8766,12474,12972,115445
09679,Würzburg, Landkreis,4750,4774,5801,7221,4583,3291,8569,8953,9629,10112,9793,10227,13249,14105,12059,18033,17153,162302
09761,Augsburg, kreisfreie Stadt,8813,8154,9525,11826,7301,5738,21412,25312,24820,21268,18585,18419,20861,20047,16910,26322,31269,296582
09762,Kaufbeuren, kreisfreie Stadt,1349,1273,1506,1992,1256,918,2450,2779,2920,2723,2572,2577,3385,3567,3018,4616,5497,44398
09763,Kempten (Allgäu), kreisfreie Stadt,2037,1905,2176,2854,1792,1395,4749,5386,4841,4449,4050,4127,4989,4744,4341,6935,8381,69151
09764,Memmingen, kreisfreie Stadt,1287,1240,1522,1954,1287,902,2420,2903,2970,2801,2695,2753,3408,3458,2914,4386,5200,44100
09771,Aichach-Friedberg, Landkreis,4226,4305,5229,6317,4093,2916,7296,7269,8188,8650,8275,8880,11914,11261,8914,13012,13910,134655
09772,Augsburg, Landkreis,7892,7817,9695,11831,7528,5305,13411,13807,15289,16185,15448,16747,21842,21101,17096,25476,26998,253468
09773,Dillingen an der Donau, Landkreis,2798,2799,3493,4532,2975,2029,5533,5742,5922,5802,5732,6362,8193,8053,6906,9712,9979,96562
09774,Günzburg, Landkreis,3823,3654,4589,5907,3858,2748,7406,7966,8087,7858,7741,8549,10672,10581,8817,12178,12593,127027
09775,Neu-Ulm, Landkreis,5362,5081,6467,8012,5112,3679,10307,10880,11631,11692,10650,11739,13837,13680,11444,16998,18633,175204
09776,Lindau (Bodensee), Landkreis,2299,2281,2763,3659,2467,1741,4296,4507,4923,4926,4677,5330,7137,6890,5440,8406,10239,81981
09777,Ostallgäu, Landkreis,4383,4230,5111,6681,4374,3016,7616,8178,8491,8618,8110,9361,11884,11557,9493,14653,15426,141182
09778,Unterallgäu, Landkreis,4403,4340,5352,6634,4269,3162,8364,8716,8692,8801,8547,9565,12158,11914,9678,14593,16153,145341
09779,Donau-Ries, Landkreis,3840,3759,4934,6327,4073,2958,7607,7898,8440,8384,8315,8940,11052,11109,9134,13110,13903,133783
09780,Oberallgäu, Landkreis,4591,4520,5309,6758,4372,3139,8125,8776,9280,9143,8994,10085,13430,13145,10689,16871,18781,156008
10041,Regionalverband Saarbrücken, Landkreis,8757,8305,10488,13178,8153,6256,19925,22607,21671,19920,17485,18845,25433,26953,24334,37129,39275,328714
10042,Merzig-Wadern, Landkreis,2337,2527,3375,4495,2927,2026,4910,5505,5916,6097,5818,6642,8810,9476,8438,11895,12049,103243
10043,Neunkirchen, Landkreis,3193,3288,4027,5238,3323,2394,6472,7193,7699,7596,6953,7662,10953,12140,10820,15566,16891,131408
10044,Saarlouis, Landkreis,4966,5037,6260,7886,4992,3612,9527,10796,11584,11122,10506,11309,15917,17693,15831,23154,24127,194319
10046,Sankt Wendel, Landkreis,1941,1965,2595,3474,2317,1531,3927,4500,4862,4794,4607,5293,7407,8416,7434,10848,11096,87007
11000,Berlin, kreisfreie Stadt,116834,112940,134465,155306,86329,62069,202015,280135,333561,292312,238403,220620,262286,262524,204167,325994,379531,3669491
12051,Brandenburg an der Havel, kreisfreie Stadt,1810,1927,2387,2747,1476,1074,2900,3399,5183,4817,3935,3744,5128,6194,5441,8256,11766,72184
12052,Cottbus, kreisfreie Stadt,2556,2561,3325,3828,2218,1610,4949,5503,7229,6511,5262,5228,7077,8387,7441,11481,14512,99678
12053,Frankfurt (Oder), kreisfreie Stadt,1316,1454,1828,2370,1330,1049,3039,2739,3701,3477,3213,3134,3920,5081,4835,6933,8332,57751
12054,Potsdam, kreisfreie Stadt,5911,5782,7347,8388,4486,3214,9636,11511,15730,14108,12577,10962,12166,12759,10033,15745,19979,180334
12060,Barnim, Landkreis,4645,5287,7121,8575,4707,2844,6385,6464,11263,12309,11826,11453,15230,17808,14976,20969,23382,185244
12061,Dahme-Spreewald, Landkreis,4474,4947,6336,7448,4165,2819,6014,6164,10388,11448,10474,10843,14476,15925,13415,18424,23031,170791
12062,Elbe-Elster, Landkreis,2283,2435,3133,4087,2475,1479,2732,3147,5578,5885,5381,6370,8375,10049,9331,13224,15863,101827
12063,Havelland, Landkreis,4014,4719,6304,7645,4606,3077,6150,5653,9512,10364,10035,10509,14977,15887,12462,17310,19772,162996
12064,Märkisch-Oderland, Landkreis,4837,5478,7452,8809,4902,2965,5801,5803,11458,13105,12327,11971,16318,20192,16701,22422,25210,195751
12065,Oberhavel, Landkreis,5278,5966,8063,9903,5977,3815,7667,7258,12408,13817,13299,13705,19174,20720,16371,22706,26787,212914
12066,Oberspreewald-Lausitz, Landkreis,2395,2707,3502,4256,2453,1575,3259,3506,6336,6409,6044,6524,8689,10477,9352,14012,17875,109371
12067,Oder-Spree, Landkreis,4465,4606,6360,7639,4348,2798,5543,5455,10145,10948,10423,10573,14597,17268,15393,22083,26159,178803
12068,Ostprignitz-Ruppin, Landkreis,2300,2549,3345,4146,2405,1544,3293,3334,5887,6004,5564,5715,7989,9846,9144,12286,13510,98861
12069,Potsdam-Mittelmark, Landkreis,5273,6215,8600,10965,6466,3855,7235,6428,11620,13779,14040,14355,19677,21252,17446,23297,26063,216566
12070,Prignitz, Landkreis,1664,1825,2419,2874,1760,1149,2529,2577,4407,4231,3714,4362,6092,7882,6888,9905,11880,76158
12071,Spree-Neiße, Landkreis,2498,2732,3675,4671,2607,1611,2925,3006,5771,6574,6001,6904,9550,11927,10901,15239,17128,113720
12072,Teltow-Fläming, Landkreis,4646,4907,6325,7723,4437,2926,6428,6422,11323,11627,10532,10800,14608,15974,12891,17579,20849,169997
12073,Uckermark, Landkreis,2594,2931,3814,5000,2903,1812,3615,3822,6566,6599,6367,6684,9550,12026,11023,15709,17932,118947
13003,Rostock, kreisfreie Stadt,5604,5370,6588,7601,4393,4261,14210,14449,18091,14610,11611,10348,13270,14989,13246,21456,29094,209191
13004,Schwerin, kreisfreie Stadt,2632,2736,3410,3991,2448,1887,4389,4662,6933,6256,5590,5123,6401,7375,6906,11067,13847,95653
13071,Mecklenburgische Seenplatte, Landkreis,5961,6460,8944,11104,6581,4237,8353,8814,15445,15491,14561,14597,19860,25564,23714,33028,35360,258074
13072,Rostock, Landkreis,5449,6319,8142,10002,5682,3293,6065,6624,13108,14188,13087,12813,17989,21657,18867,26001,26508,215794
13073,Vorpommern-Rügen, Landkreis,4906,5408,7730,9472,5283,3594,7662,8013,13539,14008,12895,12764,17768,21972,19889,28287,31512,224702
13074,Nordwestmecklenburg, Landkreis,3978,4250,5722,6880,4092,2660,5689,5994,10205,10514,9385,9598,12795,14598,13085,18690,19187,157322
13075,Vorpommern-Greifswald, Landkreis,5558,5916,8010,9878,5559,4042,9960,10242,15291,14493,13048,12792,17258,22166,20747,29168,31495,235623
13076,Ludwigslust-Parchim, Landkreis,5249,5695,7508,9109,5460,3265,6591,7461,12957,13407,12361,13036,17605,21359,19046,25929,25741,211779
14511,Chemnitz, kreisfreie Stadt,6823,6746,8417,9855,5630,4160,11905,13812,18148,16227,13572,13122,15868,17307,15637,30790,38315,246334
14522,Mittelsachsen, Landkreis,7191,7955,10726,12969,7476,4828,10283,11045,17535,18072,17273,18277,23304,26118,24273,40029,46745,304099
14524,Zwickau, Landkreis,7447,7958,10551,12783,7882,5055,10643,11236,17724,18500,16994,18988,24079,27133,24713,42428,50888,315002
14612,Dresden, kreisfreie Stadt,17674,17830,21925,24164,12771,11084,36060,39574,48834,41705,35238,30677,34109,34192,28663,50495,71785,556780
14625,Bautzen, Landkreis,7452,8379,11156,13530,7725,4593,8330,8920,16717,18144,17876,18320,22688,27565,24914,37252,46197,299758
14626,Görlitz, Landkreis,5709,6465,8630,10977,6251,3936,8097,7799,13369,14037,13568,14602,19032,22879,21293,33895,42186,252725
14627,Meißen, Landkreis,5887,6655,9107,10960,6493,3887,6831,7177,13577,15050,14540,15017,18723,21576,18847,29378,38012,241717
14628,Sächsische Schweiz-Osterzgebirge, Landkreis,6425,6996,9650,11386,6687,3949,7253,7514,14247,15143,15106,15255,18651,20904,18227,30275,37918,245586
14713,Leipzig, kreisfreie Stadt,19090,18641,21678,23329,12373,11396,41055,47508,58672,47833,37174,31739,35565,35954,30035,51216,69887,593145
14729,Leipzig, Landkreis,6471,7195,9576,11702,6532,4126,7340,7644,14592,16048,15775,16442,21256,23622,20670,32126,37022,258139
14730,Nordsachsen, Landkreis,5069,5464,7020,8520,5140,3143,5875,6423,11831,12845,11623,12423,16021,18430,16478,23804,27632,197741
15001,Dessau-Roßlau, kreisfreie Stadt,1732,1877,2391,2982,1731,1126,2683,3136,4464,4336,4098,4412,6092,7114,6345,11055,14529,80103
15002,Halle (Saale), kreisfreie Stadt,7047,6703,8346,10005,5505,5242,16926,15832,17974,15779,12933,13209,15292,15714,14008,26085,32162,238762
15003,Magdeburg, kreisfreie Stadt,6629,6611,8161,9365,5203,4491,15326,16114,18494,15568,12704,12779,15868,17208,14746,25805,32493,237565
15082,Anhalt-Bitterfeld, Landkreis,3511,3785,4996,6147,3587,2524,5142,5337,8902,9390,8629,9943,12887,14957,13870,20920,23959,158486
15083,Börde, Landkreis,4063,4691,6206,7568,4197,2651,5239,5884,10705,11301,10042,11201,14430,16485,14807,20934,20519,170923
15085,Harz, Landkreis,4666,5005,6680,8432,5114,3425,7153,7605,12169,12600,11412,13049,17281,19907,17886,28882,32044,213310
15086,Jerichower Land, Landkreis,2170,2360,3069,3709,2143,1352,2646,2861,5203,5470,5124,5514,7488,9010,7976,11088,12406,89589
15087,Mansfeld-Südharz, Landkreis,2690,3050,4253,5282,3143,2049,3939,4229,7176,7544,7036,8227,10720,12924,12010,19101,21569,134942
15090,Stendal, Landkreis,2593,2760,3747,4647,2813,1830,3756,4113,6711,6284,5707,6618,9338,11221,9979,13908,15165,111190
15091,Wittenberg, Landkreis,2775,2888,4010,4917,2921,1852,3653,4107,6967,6940,6490,7605,10307,12078,10995,16871,19577,124953
16051,Erfurt, kreisfreie Stadt,6234,6063,7808,8855,5019,4126,12850,12935,17278,15093,12787,12453,14480,15785,13858,22753,25604,213981
16052,Gera, kreisfreie Stadt,2301,2385,3131,3614,2101,1437,3409,3760,5760,5452,4789,4995,6570,8007,7794,12621,14999,93125
16053,Jena, kreisfreie Stadt,3227,3230,3901,4540,2491,2208,8844,9366,10546,8390,6242,5681,6389,6443,5917,10328,13600,111343
16054,Suhl, kreisfreie Stadt,681,869,1102,1193,718,564,1417,1438,1852,1872,1784,2094,2817,3266,3087,5851,6184,36789
16055,Weimar, kreisfreie Stadt,1802,1969,2425,2914,1604,1346,3865,4102,4755,4589,3815,3766,4387,4702,4031,6875,8281,65228
16056,Eisenach, kreisfreie Stadt,1134,1109,1399,1813,1073,738,1706,1963,2705,2802,2383,2657,3098,3563,3083,4760,6264,42250
16061,Eichsfeld, Landkreis,2888,2981,3980,4605,2804,1692,3393,3891,6270,6829,6153,6250,7493,8580,7893,12123,12181,100006
16062,Nordhausen, Landkreis,2005,2226,2822,3546,2045,1483,3784,3250,5063,4949,4386,5025,6354,7369,6734,10339,12036,83416
16066,Schmalkalden-Meiningen, Landkreis,2882,3213,4302,4913,2900,1931,4616,4635,7441,7830,6895,7774,9661,11721,10722,16075,17405,124916
16067,Gotha, Landkreis,3296,3653,4763,5691,3441,2288,5098,5147,8299,8726,7870,8621,10621,12087,10798,16578,17931,134908
16068,Sömmerda, Landkreis,1694,1917,2550,3074,1794,1115,2177,2341,4078,4547,4131,4603,5568,6424,5949,9196,8269,69427
16069,Hildburghausen, Landkreis,1481,1580,2205,2554,1558,967,2112,2347,3876,4246,3747,4016,4948,5991,5495,7950,8124,63197
16071,Weimarer Land, Landkreis,2095,2405,3288,3866,2230,1295,2728,2648,4710,5369,5091,5429,6487,7520,6936,10527,9532,82156
16072,Sonneberg, Landkreis,1149,1347,1773,2162,1394,880,1995,2033,3115,3466,3270,3784,4488,5463,5024,7719,8655,57717
16073,Saalfeld-Rudolstadt, Landkreis,2277,2547,3353,3842,2420,1555,3155,3297,5706,6007,5509,6287,7999,9746,8996,13991,16512,103199
16076,Greiz, Landkreis,2029,2402,3169,3884,2347,1409,2741,2546,4959,5482,5224,5865,7886,9375,8982,13507,15591,97398
16077,Altenburger Land, Landkreis,1934,2049,2811,3456,2115,1362,2576,2659,4622,4999,4635,5615,7260,8044,7679,12655,14922,89393
